#separator \x09
#set_separator	,
#empty_field	(empty)
#unset_field	-
#path	ocsp
#open	2024-04-12-19-29-14
#fields	ts	id	hashAlgorithm	issuerNameHash	issuerKeyHash	serialNumber	certStatus	revoketime	revokereason	thisUpdate	nextUpdate
#types	time	string	string	string	string	string	string	time	string	time	time
1521911723.472729	FP4AUi1IYzOFBH9Qag	sha1	105FA67A80089DB5279F35CE830B43889EA3C70D	0F80611C823161D52F28E78D4638B42CE1C6D9E2	017E45A31AA50BC35053BC50F9B69BAD	good	-	-	1521891993.000000	1522494093.000000
1521911724.179261	FMsOOVOOlp9H64Luc	sha1	49F4BD8A18BF760698C5DE402D683B716AE4E686	3DD350A5D6A0ADEEF34A600A65D321D4F8F8D60F	08B4D5B90A94901DB83D5F8295B89CF9	good	-	-	1521602112.000000	1522204212.000000
1521911724.314343	FM0nuf3DvNqW2CfE14	sha1	105FA67A80089DB5279F35CE830B43889EA3C70D	0F80611C823161D52F28E78D4638B42CE1C6D9E2	0CA9C64361BFC92A79B1DD9CFB9E48EC	good	-	-	1521891067.000000	1522493167.000000
1521911725.466132	FT6WN2nzrnjJRy5R1	sha1	F6EDB0636232819A35F68D75A09D024A11AA6CAD	77C2B8509A677676B12DC286D083A07EA67EBA4B	0F663A6A364C36BD	good	-	-	1521899244.000000	1522504044.000000
1521911725.468367	Fxwu1B1JlBivUrYbHg	sha1	F6EDB0636232819A35F68D75A09D024A11AA6CAD	77C2B8509A677676B12DC286D083A07EA67EBA4B	0F663A6A364C36BD	good	-	-	1521899244.000000	1522504044.000000
1521911725.914980	FXRiVDnFzEGtRlyDe	sha1	105FA67A80089DB5279F35CE830B43889EA3C70D	0F80611C823161D52F28E78D4638B42CE1C6D9E2	0CA9C64361BFC92A79B1DD9CFB9E48EC	good	-	-	1521891067.000000	1522493167.000000
1521911725.915104	FJ9lV91serEHFtDJZa	sha1	105FA67A80089DB5279F35CE830B43889EA3C70D	0F80611C823161D52F28E78D4638B42CE1C6D9E2	0CA9C64361BFC92A79B1DD9CFB9E48EC	good	-	-	1521891067.000000	1522493167.000000
1521911725.919694	FkgYPy2kWU5Oigtlmi	sha1	105FA67A80089DB5279F35CE830B43889EA3C70D	0F80611C823161D52F28E78D4638B42CE1C6D9E2	0CA9C64361BFC92A79B1DD9CFB9E48EC	good	-	-	1521891067.000000	1522493167.000000
1521911725.921062	FchIWq4gSOPWVPBCa4	sha1	105FA67A80089DB5279F35CE830B43889EA3C70D	0F80611C823161D52F28E78D4638B42CE1C6D9E2	0CA9C64361BFC92A79B1DD9CFB9E48EC	good	-	-	1521891067.000000	1522493167.000000
1521911725.921144	Fuowpe4GioVyohCnyh	sha1	105FA67A80089DB5279F35CE830B43889EA3C70D	0F80611C823161D52F28E78D4638B42CE1C6D9E2	0CA9C64361BFC92A79B1DD9CFB9E48EC	good	-	-	1521891067.000000	1522493167.000000
1521911725.922720	FXX08z3dkuE2sU8e92	sha1	105FA67A80089DB5279F35CE830B43889EA3C70D	0F80611C823161D52F28E78D4638B42CE1C6D9E2	0CA9C64361BFC92A79B1DD9CFB9E48EC	good	-	-	1521891067.000000	1522493167.000000
1521911725.953547	FgNYq03Oox0I0aCxU5	sha1	F6EDB0636232819A35F68D75A09D024A11AA6CAD	77C2B8509A677676B12DC286D083A07EA67EBA4B	5B6A37F39B36AF7F	good	-	-	1521899223.000000	1522504023.000000
1521911727.061836	FC3bjs35M8oDZkzZAb	sha1	105FA67A80089DB5279F35CE830B43889EA3C70D	0F80611C823161D52F28E78D4638B42CE1C6D9E2	053595DDC488E3BD2185316C9E024A57	good	-	-	1521878500.000000	1522480600.000000
1521911731.253659	Fwiuz82NeLWk7fI2zi	sha1	105FA67A80089DB5279F35CE830B43889EA3C70D	0F80611C823161D52F28E78D4638B42CE1C6D9E2	0CA9C64361BFC92A79B1DD9CFB9E48EC	good	-	-	1521891067.000000	1522493167.000000
1521911733.721287	FXnOwhpeysysmxU46	sha1	105FA67A80089DB5279F35CE830B43889EA3C70D	0F80611C823161D52F28E78D4638B42CE1C6D9E2	0CA9C64361BFC92A79B1DD9CFB9E48EC	good	-	-	1521891067.000000	1522493167.000000
1521911734.328510	FkysSsKpXslBqDDdb	sha1	49F4BD8A18BF760698C5DE402D683B716AE4E686	3DD350A5D6A0ADEEF34A600A65D321D4F8F8D60F	0D28AA10B39842A135E8A10EA7C265AE	good	-	-	1521894806.000000	1522496906.000000
1521911734.329230	FHsi8h4WTPyXjupavi	sha1	49F4BD8A18BF760698C5DE402D683B716AE4E686	3DD350A5D6A0ADEEF34A600A65D321D4F8F8D60F	0D28AA10B39842A135E8A10EA7C265AE	good	-	-	1521894806.000000	1522496906.000000
1521911734.559542	F032vt3eNvgFGqugWi	sha1	105FA67A80089DB5279F35CE830B43889EA3C70D	0F80611C823161D52F28E78D4638B42CE1C6D9E2	0CA9C64361BFC92A79B1DD9CFB9E48EC	good	-	-	1521891067.000000	1522493167.000000
1521911734.560779	FcnTDV2LMUAyfGwlh1	sha1	105FA67A80089DB5279F35CE830B43889EA3C70D	0F80611C823161D52F28E78D4638B42CE1C6D9E2	0CA9C64361BFC92A79B1DD9CFB9E48EC	good	-	-	1521891067.000000	1522493167.000000
1521911740.005065	FUbqtT367QDuF5sTbe	sha1	F6EDB0636232819A35F68D75A09D024A11AA6CAD	77C2B8509A677676B12DC286D083A07EA67EBA4B	7AEE77D0AA874D3A	good	-	-	1521899624.000000	1522504424.000000
1521911741.405741	FmYIzN3r1EIkHC1e3	sha1	F6EDB0636232819A35F68D75A09D024A11AA6CAD	77C2B8509A677676B12DC286D083A07EA67EBA4B	6F2AB3C8D104ED87	good	-	-	1521899200.000000	1522504000.000000
1521911742.429955	FSPMza4FB1NlrbtPKi	sha1	CF26F518FAC97E8F8CB342E01C2F6A109E8E5F0A	5168FF90AF0207753CCCD9656462A212B859723B	0AAD00F9B5C37AF9BA636F3E3DC3EA76	good	-	-	1521800585.000000	1522402685.000000
1521911742.432476	FzSGj44JWdBy55QsZb	sha1	CF26F518FAC97E8F8CB342E01C2F6A109E8E5F0A	5168FF90AF0207753CCCD9656462A212B859723B	0AAD00F9B5C37AF9BA636F3E3DC3EA76	good	-	-	1521800585.000000	1522402685.000000
1521911742.679244	FbSotv4XhAeb7VRLEl	sha1	CF26F518FAC97E8F8CB342E01C2F6A109E8E5F0A	5168FF90AF0207753CCCD9656462A212B859723B	0B3C3B601A18F59EE2B6BB05605EF2C0	good	-	-	1521879940.000000	1522482040.000000
1521911742.925097	FOgCrD1zosYBObtSSh	sha1	CF26F518FAC97E8F8CB342E01C2F6A109E8E5F0A	5168FF90AF0207753CCCD9656462A212B859723B	084F9A2417AC05DFEDBEB764C9047506	good	-	-	1521882832.000000	1522484932.000000
1521911742.925297	FdQrz31LkMzHViueIk	sha1	CF26F518FAC97E8F8CB342E01C2F6A109E8E5F0A	5168FF90AF0207753CCCD9656462A212B859723B	084F9A2417AC05DFEDBEB764C9047506	good	-	-	1521882832.000000	1522484932.000000
1521911745.420521	Fgv5Y814wg7wdgk1lk	sha1	6FF4684D4312D24862819CC02B3D472C1D8A2FA6	C4A7B1A47B2C71FADBE14B9075FFC41560858910	0A0141420000015385736A0B85ECA708	good	-	-	1521673650.000000	1522278450.000000
1521911745.439222	FJX6Szc0rxG6I82he	sha1	6FF4684D4312D24862819CC02B3D472C1D8A2FA6	C4A7B1A47B2C71FADBE14B9075FFC41560858910	0A0141420000015385736A0B85ECA708	good	-	-	1521673650.000000	1522278450.000000
1521911745.592499	FNbgKw1ESLAUOVanue	sha1	7EE66AE7729AB3FCF8A220646C16A12D6071085D	A84A6A63047DDDBAE6D139B7A64565EFF3A8ECA1	043A77F4DE8953F26873726E3C6AAEC2725A	good	-	-	1521705600.000000	1522310400.000000
1521911745.610847	F3aTHczEzaZxuKVy3	sha1	7EE66AE7729AB3FCF8A220646C16A12D6071085D	A84A6A63047DDDBAE6D139B7A64565EFF3A8ECA1	043A77F4DE8953F26873726E3C6AAEC2725A	good	-	-	1521705600.000000	1522310400.000000
1521911746.106044	FxZYGl1D6Zhw6SZj9b	sha1	12EADF46CC0880387360B65A691601CC0CB5E9E2	A92B87E1CE24473B1BBFCF853702559D0D9458E6	0DF92C867B618B45FA911CF5	good	-	-	1521764645.000000	1522110245.000000
1521911748.654446	Fub4aR23yQLEJMYN4	sha1	7D14CA1E3E08269E1A333D0E0E6FF31361215EEA	25F08AE14B7AD901950AEDC653F18C781FD9F3F8	3ED5D5D0204AF3787CBBCBA45C757040	good	-	-	1521599157.000000	1522203957.000000
1521911753.878307	Fanp6c4tP39pykqTDk	sha1	A87E303106E4E88565CFE952598FA6DA7C00532F	246E2B2DD06A925151256901AA9A47A689E74020	0295297988AA3A16DAF8B00CA8225CE8	good	-	-	1521881460.000000	1522483560.000000
1521911753.878821	FuFBXv1ksV00VdbWS7	sha1	A87E303106E4E88565CFE952598FA6DA7C00532F	246E2B2DD06A925151256901AA9A47A689E74020	0295297988AA3A16DAF8B00CA8225CE8	good	-	-	1521881460.000000	1522483560.000000
1521911753.878831	FRrACC3ou0RwT5ezWl	sha1	A87E303106E4E88565CFE952598FA6DA7C00532F	246E2B2DD06A925151256901AA9A47A689E74020	0295297988AA3A16DAF8B00CA8225CE8	good	-	-	1521881460.000000	1522483560.000000
1521911753.878960	FETiDSq6AVrDf9ei	sha1	A87E303106E4E88565CFE952598FA6DA7C00532F	246E2B2DD06A925151256901AA9A47A689E74020	0295297988AA3A16DAF8B00CA8225CE8	good	-	-	1521881460.000000	1522483560.000000
1521911753.978454	FAEFuC1618jOKpTcc3	sha1	A87E303106E4E88565CFE952598FA6DA7C00532F	246E2B2DD06A925151256901AA9A47A689E74020	0295297988AA3A16DAF8B00CA8225CE8	good	-	-	1521881460.000000	1522483560.000000
1521911753.978460	F3bOQC2BvtJzRVDUVj	sha1	A87E303106E4E88565CFE952598FA6DA7C00532F	246E2B2DD06A925151256901AA9A47A689E74020	0295297988AA3A16DAF8B00CA8225CE8	good	-	-	1521881460.000000	1522483560.000000
1521911757.320760	FSpdMQ1vqhR0h6c5ll	sha1	B9E9B287028503F8ECA5FB42E13E0F49C72426E2	7FD365A7C2DDECBBF03009F34339FA02AF333133	3D78D7F9764960B2617DF4F01ECA862A	good	-	-	1521725162.000000	1522329962.000000
1521911757.405746	F4FTX33HRqxdrUOaT4	sha1	1EE8B34325DAB1F893A9EE15604DE686149FC242	963B53F0793397AF7D83EF2E2BCCCAB7861E7266	5BEF28E699E8A5106BEC2D1AF2EBAEBC	good	-	-	1521878835.000000	1522483635.000000
1521911762.120527	FIqekUf0qMGsxtq6d	sha1	A87E303106E4E88565CFE952598FA6DA7C00532F	246E2B2DD06A925151256901AA9A47A689E74020	0295297988AA3A16DAF8B00CA8225CE8	good	-	-	1521881460.000000	1522483560.000000
1521911763.475910	FG0kMf3CKxB5vIH9m7	sha1	33F5AAC61D66E7055D03173A4D1F3E187138850D	59A4660652A07B95923CA394072796745BF93DD0	0528E3FA1CFDD273EC82700FA25919C2	good	-	-	1521900086.000000	1522502186.000000
1521911763.560977	Fqyvk22m9X0NAqxfk7	sha1	CF26F518FAC97E8F8CB342E01C2F6A109E8E5F0A	5168FF90AF0207753CCCD9656462A212B859723B	083A84592F77F2E7951BF887CEDEC966	good	-	-	1521602015.000000	1522204115.000000
1521911763.826490	Fpg0sU3JaOvCdCcta	sha1	7AE13EE8A0C42A2CB428CBE7A605461940E2A1E9	90AF6A3A945A0BD890EA125673DF43B43A28DAE7	CFEE89369EA1DD5E86826BF6501CCDBB	good	-	-	1521857896.000000	1522462696.000000
1521911780.345203	F7sMhi13HJ1ms7PbP1	sha1	CF26F518FAC97E8F8CB342E01C2F6A109E8E5F0A	5168FF90AF0207753CCCD9656462A212B859723B	0E11BBD70D54B710D0C6F540B6B52CA4	good	-	-	1521560232.000000	1522162332.000000
1521911780.533446	FasRPp4HfFKEog5UCe	sha1	CF26F518FAC97E8F8CB342E01C2F6A109E8E5F0A	5168FF90AF0207753CCCD9656462A212B859723B	0E11BBD70D54B710D0C6F540B6B52CA4	good	-	-	1521560232.000000	1522162332.000000
1521911780.533762	FwOzB33Kz00vIJTxrb	sha1	CF26F518FAC97E8F8CB342E01C2F6A109E8E5F0A	5168FF90AF0207753CCCD9656462A212B859723B	0E11BBD70D54B710D0C6F540B6B52CA4	good	-	-	1521560232.000000	1522162332.000000
1521911780.533774	FXb5fs2kKevOaptUVh	sha1	CF26F518FAC97E8F8CB342E01C2F6A109E8E5F0A	5168FF90AF0207753CCCD9656462A212B859723B	0E11BBD70D54B710D0C6F540B6B52CA4	good	-	-	1521560232.000000	1522162332.000000
1521911780.538437	FkDnGD1mbKRvXOW2H3	sha1	CF26F518FAC97E8F8CB342E01C2F6A109E8E5F0A	5168FF90AF0207753CCCD9656462A212B859723B	0E11BBD70D54B710D0C6F540B6B52CA4	good	-	-	1521560232.000000	1522162332.000000
1521911780.539148	FjIAVp192wJeXyI0J2	sha1	CF26F518FAC97E8F8CB342E01C2F6A109E8E5F0A	5168FF90AF0207753CCCD9656462A212B859723B	0E11BBD70D54B710D0C6F540B6B52CA4	good	-	-	1521560232.000000	1522162332.000000
1521911780.539321	FdzuvT2ieyOgJVAh4f	sha1	CF26F518FAC97E8F8CB342E01C2F6A109E8E5F0A	5168FF90AF0207753CCCD9656462A212B859723B	0E11BBD70D54B710D0C6F540B6B52CA4	good	-	-	1521560232.000000	1522162332.000000
1521911780.592616	FzU8PS3ujvM56Jglff	sha1	777A7BA877D6F10F1CE9202196FB6B1A6E37F5ED	9058FFB09C75A8515477B1EDF2A34316389E6CC5	08B925D49A318CB57B9AFF6C8244FEFB	good	-	-	1521558911.000000	1522161011.000000
1521911780.607216	Fkq4Dl4cDOO0JGddw8	sha1	777A7BA877D6F10F1CE9202196FB6B1A6E37F5ED	9058FFB09C75A8515477B1EDF2A34316389E6CC5	08B925D49A318CB57B9AFF6C8244FEFB	good	-	-	1521558911.000000	1522161011.000000
1521911780.657260	FnMBDd1TqLKFFCOfU7	sha1	B6080D5F6C6B76EB13E438A5F8660BA85233344E	40C2BD278ECC348330A233D7FB6CB3F0B42C80CE	A80B9B37F7C73200	good	-	-	1521904864.000000	1522034464.000000
1521911780.657831	F7oHeu5ZcUjMv55ie	sha1	105FA67A80089DB5279F35CE830B43889EA3C70D	0F80611C823161D52F28E78D4638B42CE1C6D9E2	070526ADF979600175E3DB16E28C20FB	good	-	-	1521655740.000000	1522257840.000000
1521911780.658160	F5124v77SV5zrwlvh	sha1	B6080D5F6C6B76EB13E438A5F8660BA85233344E	40C2BD278ECC348330A233D7FB6CB3F0B42C80CE	A80B9B37F7C73200	good	-	-	1521904864.000000	1522034464.000000
1521911780.658779	FORNP022aoKSjujOHj	sha1	B6080D5F6C6B76EB13E438A5F8660BA85233344E	40C2BD278ECC348330A233D7FB6CB3F0B42C80CE	A80B9B37F7C73200	good	-	-	1521904864.000000	1522034464.000000
1521911780.658866	FoeCFJ1ssUsWxlwAGj	sha1	105FA67A80089DB5279F35CE830B43889EA3C70D	0F80611C823161D52F28E78D4638B42CE1C6D9E2	070526ADF979600175E3DB16E28C20FB	good	-	-	1521655740.000000	1522257840.000000
1521911780.659094	FjUScU2QACXlZIdNpe	sha1	B6080D5F6C6B76EB13E438A5F8660BA85233344E	40C2BD278ECC348330A233D7FB6CB3F0B42C80CE	A80B9B37F7C73200	good	-	-	1521904864.000000	1522034464.000000
1521911780.659583	FCeBvP2iGZyHoyCOkd	sha1	105FA67A80089DB5279F35CE830B43889EA3C70D	0F80611C823161D52F28E78D4638B42CE1C6D9E2	070526ADF979600175E3DB16E28C20FB	good	-	-	1521655740.000000	1522257840.000000
1521911780.659600	FVkdhPLtcf6jHxUdb	sha1	105FA67A80089DB5279F35CE830B43889EA3C70D	0F80611C823161D52F28E78D4638B42CE1C6D9E2	070526ADF979600175E3DB16E28C20FB	good	-	-	1521655740.000000	1522257840.000000
1521911780.659845	FDyYFFOwwcMnX0LWf	sha1	B6080D5F6C6B76EB13E438A5F8660BA85233344E	40C2BD278ECC348330A233D7FB6CB3F0B42C80CE	A80B9B37F7C73200	good	-	-	1521904864.000000	1522034464.000000
1521911780.660564	Fiwi7UmJ5P1LUJqLi	sha1	B6080D5F6C6B76EB13E438A5F8660BA85233344E	40C2BD278ECC348330A233D7FB6CB3F0B42C80CE	A80B9B37F7C73200	good	-	-	1521904864.000000	1522034464.000000
1521911780.943737	FLREVb1tQyDFqUCwzf	sha1	0BA882A3E868B9B611DAA8A0B510253D697B0245	9AF32BDACFAD4FB62FBB2A48482A12B71B42C124	0C15BF5113DB90D137D2DAB30765E11C	good	-	-	1521771959.000000	1522376759.000000
1521911780.944160	F3VjIr4RRRL0h7DAO5	sha1	0BA882A3E868B9B611DAA8A0B510253D697B0245	9AF32BDACFAD4FB62FBB2A48482A12B71B42C124	0C15BF5113DB90D137D2DAB30765E11C	good	-	-	1521771959.000000	1522376759.000000
1521911780.986913	FtG9yj2gmNYNWXXpr2	sha1	F6EDB0636232819A35F68D75A09D024A11AA6CAD	77C2B8509A677676B12DC286D083A07EA67EBA4B	2C07C78DFDF8C840	good	-	-	1521899513.000000	1522504313.000000
1521911781.028341	FUPMpz1NWo0BNep8Be	sha1	F6EDB0636232819A35F68D75A09D024A11AA6CAD	77C2B8509A677676B12DC286D083A07EA67EBA4B	2C07C78DFDF8C840	good	-	-	1521899513.000000	1522504313.000000
1521911781.477525	F7TRhn21x26Grjjgml	sha1	CF26F518FAC97E8F8CB342E01C2F6A109E8E5F0A	5168FF90AF0207753CCCD9656462A212B859723B	08EE8C043FCB4E6E4E782350FE450E09	good	-	-	1521882960.000000	1522485060.000000
1521911783.572154	F42OUy4TjNzncASM1h	sha1	CF26F518FAC97E8F8CB342E01C2F6A109E8E5F0A	5168FF90AF0207753CCCD9656462A212B859723B	0E11BBD70D54B710D0C6F540B6B52CA4	good	-	-	1521560232.000000	1522162332.000000
1521911783.579719	FZkcv01lrZjUye8d52	sha1	105FA67A80089DB5279F35CE830B43889EA3C70D	0F80611C823161D52F28E78D4638B42CE1C6D9E2	0CA9C64361BFC92A79B1DD9CFB9E48EC	good	-	-	1521891067.000000	1522493167.000000
1521911783.595115	FtBQPn4y5slAbprIHl	sha1	CF26F518FAC97E8F8CB342E01C2F6A109E8E5F0A	5168FF90AF0207753CCCD9656462A212B859723B	0E11BBD70D54B710D0C6F540B6B52CA4	good	-	-	1521560232.000000	1522162332.000000
1521911784.318590	Ff9TLy198Ug3JYMtU5	sha1	105FA67A80089DB5279F35CE830B43889EA3C70D	0F80611C823161D52F28E78D4638B42CE1C6D9E2	03237A78C4E2E43EA97FCD0BC62AB3B3	good	-	-	1521896005.000000	1522498105.000000
1521911785.613817	FGrC7NOTX29d1BREk	sha1	F2E06AF9858A1D8D709B4919237AA9B51A287E64	4ADD06161BBCF668B576F581B6BB621ABA5A812F	2E1B63B3CEFCF100	good	-	-	1521897042.000000	1522501842.000000
1521911785.727457	FYrWLg2FsvV5rga2S7	sha1	7EE66AE7729AB3FCF8A220646C16A12D6071085D	A84A6A63047DDDBAE6D139B7A64565EFF3A8ECA1	031EBC5FD57C7FB229CA42CEFBF277D1CC85	good	-	-	1521766800.000000	1522371600.000000
1521911786.215862	FPJDaiEr6neWQjje2	sha1	7EE66AE7729AB3FCF8A220646C16A12D6071085D	A84A6A63047DDDBAE6D139B7A64565EFF3A8ECA1	034680B1BC0B85D17A1686A9D1446EA3A040	good	-	-	1521853200.000000	1522458000.000000
1521911788.868270	FtCqm512nDsYdiiFfk	sha1	105FA67A80089DB5279F35CE830B43889EA3C70D	0F80611C823161D52F28E78D4638B42CE1C6D9E2	017E45A31AA50BC35053BC50F9B69BAD	good	-	-	1521891993.000000	1522494093.000000
1521911794.056090	FiYsYc2ZBiPk3ZH9ck	sha1	CF26F518FAC97E8F8CB342E01C2F6A109E8E5F0A	5168FF90AF0207753CCCD9656462A212B859723B	0E11BBD70D54B710D0C6F540B6B52CA4	good	-	-	1521560232.000000	1522162332.000000
1521911794.596785	FzVnEu1uY8zgjufPKb	sha1	CF26F518FAC97E8F8CB342E01C2F6A109E8E5F0A	5168FF90AF0207753CCCD9656462A212B859723B	0E11BBD70D54B710D0C6F540B6B52CA4	good	-	-	1521560232.000000	1522162332.000000
1521911794.597105	FpDxTs1Zs820LMB9g3	sha1	CF26F518FAC97E8F8CB342E01C2F6A109E8E5F0A	5168FF90AF0207753CCCD9656462A212B859723B	0E11BBD70D54B710D0C6F540B6B52CA4	good	-	-	1521560232.000000	1522162332.000000
1521911794.597196	F5cDlw1KNWrylBVx6k	sha1	CF26F518FAC97E8F8CB342E01C2F6A109E8E5F0A	5168FF90AF0207753CCCD9656462A212B859723B	0E11BBD70D54B710D0C6F540B6B52CA4	good	-	-	1521560232.000000	1522162332.000000
1521911794.599694	Fm6DD22Gx15b5Lhw8b	sha1	105FA67A80089DB5279F35CE830B43889EA3C70D	0F80611C823161D52F28E78D4638B42CE1C6D9E2	070526ADF979600175E3DB16E28C20FB	good	-	-	1521655740.000000	1522257840.000000
1521911794.624846	FzDAav2lgNHZ7wR1fh	sha1	B6080D5F6C6B76EB13E438A5F8660BA85233344E	40C2BD278ECC348330A233D7FB6CB3F0B42C80CE	A80B9B37F7C73200	good	-	-	1521904864.000000	1522034464.000000
1521911795.805607	FtF0je3UL5UVIgKGSj	sha1	F6EDB0636232819A35F68D75A09D024A11AA6CAD	77C2B8509A677676B12DC286D083A07EA67EBA4B	1DDEE8C5D3AEF314	good	-	-	1521899752.000000	1522504552.000000
1521911796.267030	FYnFHd2LDEtVSrDPdf	sha1	CF26F518FAC97E8F8CB342E01C2F6A109E8E5F0A	5168FF90AF0207753CCCD9656462A212B859723B	08EE8C043FCB4E6E4E782350FE450E09	good	-	-	1521882960.000000	1522485060.000000
1521911798.093267	FGQoOO1BoAwhmQ1JGf	sha1	CF26F518FAC97E8F8CB342E01C2F6A109E8E5F0A	5168FF90AF0207753CCCD9656462A212B859723B	0E11BBD70D54B710D0C6F540B6B52CA4	good	-	-	1521560232.000000	1522162332.000000
1521911808.786706	F6iSRN1osJY9LiVEWl	sha1	CF26F518FAC97E8F8CB342E01C2F6A109E8E5F0A	5168FF90AF0207753CCCD9656462A212B859723B	083A84592F77F2E7951BF887CEDEC966	good	-	-	1521450818.000000	1522052918.000000
1521911811.512450	FRgsxm40FLsEX5uQA3	sha1	CF26F518FAC97E8F8CB342E01C2F6A109E8E5F0A	5168FF90AF0207753CCCD9656462A212B859723B	0E11BBD70D54B710D0C6F540B6B52CA4	good	-	-	1521560232.000000	1522162332.000000
1521911811.653553	Fyzh254S0jSRNIUiXk	sha1	CF26F518FAC97E8F8CB342E01C2F6A109E8E5F0A	5168FF90AF0207753CCCD9656462A212B859723B	0E11BBD70D54B710D0C6F540B6B52CA4	good	-	-	1521560232.000000	1522162332.000000
1521911811.656395	FT53A92tCiRHR9qfD9	sha1	B6080D5F6C6B76EB13E438A5F8660BA85233344E	40C2BD278ECC348330A233D7FB6CB3F0B42C80CE	A80B9B37F7C73200	good	-	-	1521904864.000000	1522034464.000000
1521911811.658786	FxcXEWlWV2IBy1Bxh	sha1	105FA67A80089DB5279F35CE830B43889EA3C70D	0F80611C823161D52F28E78D4638B42CE1C6D9E2	070526ADF979600175E3DB16E28C20FB	good	-	-	1521655740.000000	1522257840.000000
1521911811.856562	FiQbZO2zO4OLzLps04	sha1	F6EDB0636232819A35F68D75A09D024A11AA6CAD	77C2B8509A677676B12DC286D083A07EA67EBA4B	1DDEE8C5D3AEF314	good	-	-	1521899752.000000	1522504552.000000
1521911812.361575	F0PY4i44PY43OAQxHa	sha1	CF26F518FAC97E8F8CB342E01C2F6A109E8E5F0A	5168FF90AF0207753CCCD9656462A212B859723B	08EE8C043FCB4E6E4E782350FE450E09	good	-	-	1521882960.000000	1522485060.000000
1521911813.283594	Fd9WIrIVFF1LnEmS9	sha1	0C9E4D9C3DEDEF84D891E972C7CF8406BC197B07	96DE61F1BD1C1629531CC0CC7D3B830040E61A7C	09DE734B91754C1879C0AE4E	good	-	-	1521889803.000000	1522235403.000000
1521911813.283845	FnCtpjOmLQimRhbDl	sha1	0C9E4D9C3DEDEF84D891E972C7CF8406BC197B07	96DE61F1BD1C1629531CC0CC7D3B830040E61A7C	09DE734B91754C1879C0AE4E	good	-	-	1521889803.000000	1522235403.000000
1521911817.037146	FkFuTL2C050KISRFBl	sha1	CF26F518FAC97E8F8CB342E01C2F6A109E8E5F0A	5168FF90AF0207753CCCD9656462A212B859723B	0E11BBD70D54B710D0C6F540B6B52CA4	good	-	-	1521560232.000000	1522162332.000000
1521911818.250295	FVXP6g38KWs4fcICHf	sha1	49F4BD8A18BF760698C5DE402D683B716AE4E686	3DD350A5D6A0ADEEF34A600A65D321D4F8F8D60F	0AD9B00801718556792CD5C6FC12421D	good	-	-	1521887025.000000	1522489125.000000
1521911819.280870	FTaHQf2uX36SGSTY45	sha1	49F4BD8A18BF760698C5DE402D683B716AE4E686	3DD350A5D6A0ADEEF34A600A65D321D4F8F8D60F	0AD9B00801718556792CD5C6FC12421D	good	-	-	1521887025.000000	1522489125.000000
1521911819.280965	Fbrsqv4HQsZeWfz4Lb	sha1	49F4BD8A18BF760698C5DE402D683B716AE4E686	3DD350A5D6A0ADEEF34A600A65D321D4F8F8D60F	0AD9B00801718556792CD5C6FC12421D	good	-	-	1521887025.000000	1522489125.000000
1521911819.281862	FiQHrY1Rm0CpvKwVS1	sha1	49F4BD8A18BF760698C5DE402D683B716AE4E686	3DD350A5D6A0ADEEF34A600A65D321D4F8F8D60F	0AD9B00801718556792CD5C6FC12421D	good	-	-	1521887025.000000	1522489125.000000
1521911819.282161	FOSNyF2CTe0MgOHyU7	sha1	49F4BD8A18BF760698C5DE402D683B716AE4E686	3DD350A5D6A0ADEEF34A600A65D321D4F8F8D60F	0AD9B00801718556792CD5C6FC12421D	good	-	-	1521887025.000000	1522489125.000000
1521911819.283456	Fjb5OvW1tSsWwCZu6	sha1	49F4BD8A18BF760698C5DE402D683B716AE4E686	3DD350A5D6A0ADEEF34A600A65D321D4F8F8D60F	0AD9B00801718556792CD5C6FC12421D	good	-	-	1521887025.000000	1522489125.000000
1521911825.077558	FEw7YS3s7hZA1cbpze	sha1	CEA633847FA2C6D73E768EA031C03953C6868E0A	40096167F0BC83714FDE12082C6FD4D42B763D96	67F3B3055A9852ED4AA48CAD7266B2F5	good	-	-	1521595969.000000	1522200769.000000
1521911825.681171	FOV2HQ3NmdCj6GWQ44	sha1	CEA633847FA2C6D73E768EA031C03953C6868E0A	40096167F0BC83714FDE12082C6FD4D42B763D96	549BBCE65663F4CFBE003E9DA7957F57	good	-	-	1521658815.000000	1522263615.000000
1521911827.116349	FG88GC1zMQNUudCUuf	sha1	B6080D5F6C6B76EB13E438A5F8660BA85233344E	40C2BD278ECC348330A233D7FB6CB3F0B42C80CE	C333A9E23D214A58	good	-	-	1521910616.000000	1522040216.000000
1521911827.510894	FFp9HCMHT7THdMVhe	sha1	0BA882A3E868B9B611DAA8A0B510253D697B0245	9AF32BDACFAD4FB62FBB2A48482A12B71B42C124	A61B5A5D7B59491E1AB3978E65D43100	good	-	-	1521883536.000000	1522488336.000000
1521911827.696696	FZzHKrbMJnxlEFM9b	sha1	105FA67A80089DB5279F35CE830B43889EA3C70D	0F80611C823161D52F28E78D4638B42CE1C6D9E2	086C3B43E317C35EB708F31387F38A6B	good	-	-	1521882857.000000	1522484957.000000
1521911827.697556	FSoTMcK8KJdaYTXl4	sha1	105FA67A80089DB5279F35CE830B43889EA3C70D	0F80611C823161D52F28E78D4638B42CE1C6D9E2	086C3B43E317C35EB708F31387F38A6B	good	-	-	1521904457.000000	1522506557.000000
1521911827.834635	FEeoBq4H64MyOcTfB6	sha1	47E2622805BFA18DD8BB2BF136278652F4BFD980	97C227509EC2C9EC0C8832C87CADE2A6014FDA6F	1E8F55AC7DE00BF127CA1432F10699D1	good	-	-	1521834067.000000	1522438867.000000
1521911828.170980	F9RGe84Y1Ax2Byur4d	sha1	B6080D5F6C6B76EB13E438A5F8660BA85233344E	40C2BD278ECC348330A233D7FB6CB3F0B42C80CE	A80B9B37F7C73200	good	-	-	1521904864.000000	1522034464.000000
1521911828.171080	FPrann4BUzET3QWzxd	sha1	B6080D5F6C6B76EB13E438A5F8660BA85233344E	40C2BD278ECC348330A233D7FB6CB3F0B42C80CE	A80B9B37F7C73200	good	-	-	1521904864.000000	1522034464.000000
1521911828.171240	FlPetw45N90ieENaza	sha1	B6080D5F6C6B76EB13E438A5F8660BA85233344E	40C2BD278ECC348330A233D7FB6CB3F0B42C80CE	A80B9B37F7C73200	good	-	-	1521904864.000000	1522034464.000000
1521911828.171331	Fk8atT2pWs7L3eI3Ha	sha1	B6080D5F6C6B76EB13E438A5F8660BA85233344E	40C2BD278ECC348330A233D7FB6CB3F0B42C80CE	A80B9B37F7C73200	good	-	-	1521904864.000000	1522034464.000000
1521911828.171576	FLXEQm2R6uaGWbgmcd	sha1	B6080D5F6C6B76EB13E438A5F8660BA85233344E	40C2BD278ECC348330A233D7FB6CB3F0B42C80CE	A80B9B37F7C73200	good	-	-	1521904864.000000	1522034464.000000
1521911828.171678	FMkp0z4uN9a5CJvXh	sha1	B6080D5F6C6B76EB13E438A5F8660BA85233344E	40C2BD278ECC348330A233D7FB6CB3F0B42C80CE	A80B9B37F7C73200	good	-	-	1521904864.000000	1522034464.000000
1521911841.792280	FA4RnZ2Eoe8LUXpPB	sha1	7EE66AE7729AB3FCF8A220646C16A12D6071085D	A84A6A63047DDDBAE6D139B7A64565EFF3A8ECA1	0309FACBA9BE47EA846BC52E8C7A18DCABCB	good	-	-	1521853200.000000	1522458000.000000
1521911843.108661	F16oB11ZTlvhNSwGai	sha1	49F4BD8A18BF760698C5DE402D683B716AE4E686	3DD350A5D6A0ADEEF34A600A65D321D4F8F8D60F	038978C7D6C06C01C6CC5F228F65A5D2	good	-	-	1521572076.000000	1522174176.000000
1521911844.073369	Fhmmzq4o1f8LvLHMx5	sha1	CEA633847FA2C6D73E768EA031C03953C6868E0A	40096167F0BC83714FDE12082C6FD4D42B763D96	62CADD9C88183ECD666482E40DAB33E1	good	-	-	1521476961.000000	1522081761.000000
1521911844.073832	FtX3rq2u67km0xNE55	sha1	12EADF46CC0880387360B65A691601CC0CB5E9E2	A92B87E1CE24473B1BBFCF853702559D0D9458E6	1EE35CC34B8A09338B624BE2	good	-	-	1521684579.000000	1522030179.000000
1521911844.074079	FRQnwOUjcdUfcAL64	sha1	12EADF46CC0880387360B65A691601CC0CB5E9E2	A92B87E1CE24473B1BBFCF853702559D0D9458E6	1EE35CC34B8A09338B624BE2	good	-	-	1521684579.000000	1522030179.000000
1521911844.074729	Fptlom4WRYmB0x89Jk	sha1	CEA633847FA2C6D73E768EA031C03953C6868E0A	40096167F0BC83714FDE12082C6FD4D42B763D96	62CADD9C88183ECD666482E40DAB33E1	good	-	-	1521476961.000000	1522081761.000000
1521911844.336367	Frf7HD3WTeatvH7fU3	sha1	12EADF46CC0880387360B65A691601CC0CB5E9E2	A92B87E1CE24473B1BBFCF853702559D0D9458E6	37B5B95D9FCECD68D4D7C011	good	-	-	1521819519.000000	1522165119.000000
1521911844.354921	F3wNEdxNXQmjN6yW9	sha1	12EADF46CC0880387360B65A691601CC0CB5E9E2	A92B87E1CE24473B1BBFCF853702559D0D9458E6	37B5B95D9FCECD68D4D7C011	good	-	-	1521819519.000000	1522165119.000000
1521911844.370742	FX5H4L2na5jnYBoICf	sha1	105FA67A80089DB5279F35CE830B43889EA3C70D	0F80611C823161D52F28E78D4638B42CE1C6D9E2	08618E255082762B850ED2B5C8D2AE3F	good	-	-	1521882857.000000	1522484957.000000
1521911844.370917	FLMreN2GVFtAHZae2a	sha1	105FA67A80089DB5279F35CE830B43889EA3C70D	0F80611C823161D52F28E78D4638B42CE1C6D9E2	08618E255082762B850ED2B5C8D2AE3F	good	-	-	1521882857.000000	1522484957.000000
1521911845.415706	F9GWJk1qBUEBVjdUo4	sha1	CF26F518FAC97E8F8CB342E01C2F6A109E8E5F0A	5168FF90AF0207753CCCD9656462A212B859723B	0AAD00F9B5C37AF9BA636F3E3DC3EA76	good	-	-	1521800585.000000	1522402685.000000
1521911846.340446	FjJUSH1HnPBpGwSPjl	sha1	7EE66AE7729AB3FCF8A220646C16A12D6071085D	A84A6A63047DDDBAE6D139B7A64565EFF3A8ECA1	034680B1BC0B85D17A1686A9D1446EA3A040	good	-	-	1521853200.000000	1522458000.000000
1521911849.866136	Fl1BB13ev4fNWF02Dl	sha1	49F4BD8A18BF760698C5DE402D683B716AE4E686	3DD350A5D6A0ADEEF34A600A65D321D4F8F8D60F	0AD9B00801718556792CD5C6FC12421D	good	-	-	1521887025.000000	1522489125.000000
1521911850.582443	FJJSDr4ABd24makp1j	sha1	49F4BD8A18BF760698C5DE402D683B716AE4E686	3DD350A5D6A0ADEEF34A600A65D321D4F8F8D60F	0AD9B00801718556792CD5C6FC12421D	good	-	-	1521887025.000000	1522489125.000000
1521911851.422592	FXCmmf4IlrC9oW3xI9	sha1	105FA67A80089DB5279F35CE830B43889EA3C70D	0F80611C823161D52F28E78D4638B42CE1C6D9E2	086C3B43E317C35EB708F31387F38A6B	good	-	-	1521904457.000000	1522506557.000000
1521911851.423158	FKpdVu49Idifkl2nif	sha1	105FA67A80089DB5279F35CE830B43889EA3C70D	0F80611C823161D52F28E78D4638B42CE1C6D9E2	086C3B43E317C35EB708F31387F38A6B	good	-	-	1521882857.000000	1522484957.000000
1521911857.107653	FDBBbCrLQL6khEV2	sha1	0C9E4D9C3DEDEF84D891E972C7CF8406BC197B07	96DE61F1BD1C1629531CC0CC7D3B830040E61A7C	09DE734B91754C1879C0AE4E	good	-	-	1521889803.000000	1522235403.000000
1521911857.462613	FdTqI72flumscjr9W9	sha1	0C9E4D9C3DEDEF84D891E972C7CF8406BC197B07	96DE61F1BD1C1629531CC0CC7D3B830040E61A7C	09DE734B91754C1879C0AE4E	good	-	-	1521903123.000000	1522248723.000000
1521911857.462663	FoiNoOJR57LhTUpZe	sha1	0C9E4D9C3DEDEF84D891E972C7CF8406BC197B07	96DE61F1BD1C1629531CC0CC7D3B830040E61A7C	09DE734B91754C1879C0AE4E	good	-	-	1521903123.000000	1522248723.000000
1521911857.463532	FHXaAX2hUINtl6Krch	sha1	0C9E4D9C3DEDEF84D891E972C7CF8406BC197B07	96DE61F1BD1C1629531CC0CC7D3B830040E61A7C	09DE734B91754C1879C0AE4E	good	-	-	1521903123.000000	1522248723.000000
1521911857.463541	FAQNGK25CZTiENNfT	sha1	0C9E4D9C3DEDEF84D891E972C7CF8406BC197B07	96DE61F1BD1C1629531CC0CC7D3B830040E61A7C	09DE734B91754C1879C0AE4E	good	-	-	1521903123.000000	1522248723.000000
1521911857.463636	FHYbGp3beH41yTumsi	sha1	0C9E4D9C3DEDEF84D891E972C7CF8406BC197B07	96DE61F1BD1C1629531CC0CC7D3B830040E61A7C	09DE734B91754C1879C0AE4E	good	-	-	1521903123.000000	1522248723.000000
1521911857.463879	FuoVFf13Cfgf9rMPh8	sha1	0C9E4D9C3DEDEF84D891E972C7CF8406BC197B07	96DE61F1BD1C1629531CC0CC7D3B830040E61A7C	09DE734B91754C1879C0AE4E	good	-	-	1521903123.000000	1522248723.000000
1521911868.190061	FxcXSn2NYGnL0wVDHh	sha1	105FA67A80089DB5279F35CE830B43889EA3C70D	0F80611C823161D52F28E78D4638B42CE1C6D9E2	0CA9C64361BFC92A79B1DD9CFB9E48EC	good	-	-	1521891067.000000	1522493167.000000
1521911868.750070	FdYzQU1g4vIb1JZAGb	sha1	7EE66AE7729AB3FCF8A220646C16A12D6071085D	A84A6A63047DDDBAE6D139B7A64565EFF3A8ECA1	033861ED6F844C861701ED793697B3695E0F	good	-	-	1521766800.000000	1522371600.000000
1521911870.366118	FUN3E03rqEUeg6G5de	sha1	881A4A74FEFF4652F354BB510FD3A4EEEFE0A1C8	919E3B446C3D579C42772A34D74FD1CC4A972CDA	2000020D99F99D6C5481F164BF000000020D99	good	-	-	1521725953.000000	1522071553.000000
1521911870.587904	F6EdQz3l30tkYBpqt9	sha1	2985FC613DBE2FB0120F5E420E4C9EC3D59EFD7C	08FE259F74EA8704C2BCBB8EA8385F33C6D16C65	2D0001E8A309C019A913DB800C00000001E8A3	good	-	-	1521894043.000000	1522239643.000000
1521911870.699522	FJNamg1Y62huiXi8f3	sha1	2985FC613DBE2FB0120F5E420E4C9EC3D59EFD7C	08FE259F74EA8704C2BCBB8EA8385F33C6D16C65	2D0001E8A309C019A913DB800C00000001E8A3	good	-	-	1521881229.000000	1522226829.000000
1521911870.704017	FvYhBh2Za6OTRhX38e	sha1	881A4A74FEFF4652F354BB510FD3A4EEEFE0A1C8	919E3B446C3D579C42772A34D74FD1CC4A972CDA	2000020D99F99D6C5481F164BF000000020D99	good	-	-	1521725953.000000	1522071553.000000
1521911870.875242	FXdgod4VptXRa6K8rk	sha1	7D14CA1E3E08269E1A333D0E0E6FF31361215EEA	25F08AE14B7AD901950AEDC653F18C781FD9F3F8	0F683F2DFAC9EDF014148CA649DB4BAD	good	-	-	1521346550.000000	1521951350.000000
1521911870.875497	F1Io1U3uEsr7dQFXYb	sha1	7D14CA1E3E08269E1A333D0E0E6FF31361215EEA	25F08AE14B7AD901950AEDC653F18C781FD9F3F8	0F683F2DFAC9EDF014148CA649DB4BAD	good	-	-	1521346550.000000	1521951350.000000
1521911870.997260	FNcSt41RkQ6e2N5Rkg	sha1	105FA67A80089DB5279F35CE830B43889EA3C70D	0F80611C823161D52F28E78D4638B42CE1C6D9E2	0CA9C64361BFC92A79B1DD9CFB9E48EC	good	-	-	1521891067.000000	1522493167.000000
1521911871.048190	FGmwHs3mLsMr0UmR8	sha1	2985FC613DBE2FB0120F5E420E4C9EC3D59EFD7C	08FE259F74EA8704C2BCBB8EA8385F33C6D16C65	2D0001E9A27AC87C2EC2109EF400000001E9A2	good	-	-	1521809380.000000	1522154980.000000
1521911871.096068	Fn8TvTwjF9dl0os04	sha1	7D14CA1E3E08269E1A333D0E0E6FF31361215EEA	25F08AE14B7AD901950AEDC653F18C781FD9F3F8	0F683F2DFAC9EDF014148CA649DB4BAD	good	-	-	1521346550.000000	1521951350.000000
1521911871.148846	Ft92qB4RH0w6Nis3ma	sha1	2985FC613DBE2FB0120F5E420E4C9EC3D59EFD7C	08FE259F74EA8704C2BCBB8EA8385F33C6D16C65	2D0001F35422B3307EEC9502B500000001F354	good	-	-	1521784816.000000	1522130416.000000
1521911871.189935	F6XLt12TwZDUdNe1t8	sha1	2985FC613DBE2FB0120F5E420E4C9EC3D59EFD7C	08FE259F74EA8704C2BCBB8EA8385F33C6D16C65	2D0001ECAF9E372BB79299004F00000001ECAF	good	-	-	1521724681.000000	1522070281.000000
1521911871.199379	F6rRSe1mBREEnbfpse	sha1	49F4BD8A18BF760698C5DE402D683B716AE4E686	3DD350A5D6A0ADEEF34A600A65D321D4F8F8D60F	0BFDB4090AD7B5E640C30B16C9529A27	good	-	-	1521880096.000000	1522482196.000000
1521911871.199623	FOBNbY3DPZKuhIYvt9	sha1	49F4BD8A18BF760698C5DE402D683B716AE4E686	3DD350A5D6A0ADEEF34A600A65D321D4F8F8D60F	0BFDB4090AD7B5E640C30B16C9529A27	good	-	-	1521880096.000000	1522482196.000000
1521911871.316646	F3VyhBS5BZYe8zhve	sha1	7AE13EE8A0C42A2CB428CBE7A605461940E2A1E9	90AF6A3A945A0BD890EA125673DF43B43A28DAE7	1B5AFFEFC82DD606E91BEA8F99C299C7	good	-	-	1521642464.000000	1522247264.000000
1521911871.326048	Fj4LpB2QFBXcKEJx1	sha1	CF26F518FAC97E8F8CB342E01C2F6A109E8E5F0A	5168FF90AF0207753CCCD9656462A212B859723B	083A84592F77F2E7951BF887CEDEC966	good	-	-	1521450818.000000	1522052918.000000
1521911871.326412	FuDNdg1P1a7LXVNsui	sha1	CF26F518FAC97E8F8CB342E01C2F6A109E8E5F0A	5168FF90AF0207753CCCD9656462A212B859723B	083A84592F77F2E7951BF887CEDEC966	good	-	-	1521450818.000000	1522052918.000000
1521911871.543683	FqLZVE2oFMCyJn8r0c	sha1	22AF001C8075620726E0C8931AECA7421C32123A	7A7B8CC1CFE7A0CA1CD46BFAFBE133C30F1AA29D	160000708D70A2A4CB63ABA1C700000000708D	good	-	-	1521667345.000000	1522012945.000000
1521911871.543788	FrOIJt3cTJmnoto83e	sha1	22AF001C8075620726E0C8931AECA7421C32123A	7A7B8CC1CFE7A0CA1CD46BFAFBE133C30F1AA29D	160000708D70A2A4CB63ABA1C700000000708D	good	-	-	1521634230.000000	1521979830.000000
1521911871.650781	FukCJj3XumcLPo54j6	sha1	105FA67A80089DB5279F35CE830B43889EA3C70D	0F80611C823161D52F28E78D4638B42CE1C6D9E2	03237A78C4E2E43EA97FCD0BC62AB3B3	good	-	-	1521896005.000000	1522498105.000000
1521911873.425829	F7pqEA1aDynyWIa4y4	sha1	DFAA12E328B1094193E29F4282CE4740429558A3	B13EC36903F8BF4701D498261A0802EF63642BC3	0C79A944B08C11952092615FE26B1D83	good	-	-	1521849600.000000	1522454400.000000
1521911873.434061	FIh3v42btmdstGZ7F7	sha1	49F4BD8A18BF760698C5DE402D683B716AE4E686	3DD350A5D6A0ADEEF34A600A65D321D4F8F8D60F	0D28AA10B39842A135E8A10EA7C265AE	good	-	-	1521894806.000000	1522496906.000000
1521911873.737916	Fu8RuC1T6IzBBAT0a9	sha1	CF26F518FAC97E8F8CB342E01C2F6A109E8E5F0A	5168FF90AF0207753CCCD9656462A212B859723B	083A84592F77F2E7951BF887CEDEC966	good	-	-	1521602015.000000	1522204115.000000
1521911879.233017	F2OCfhjpLdeqXohs1	sha1	881A4A74FEFF4652F354BB510FD3A4EEEFE0A1C8	919E3B446C3D579C42772A34D74FD1CC4A972CDA	200002287CDC13C03ED292A74300000002287C	good	-	-	1521834885.000000	1522180485.000000
1521911879.233219	FQvFxzJpe53PlAxHk	sha1	881A4A74FEFF4652F354BB510FD3A4EEEFE0A1C8	919E3B446C3D579C42772A34D74FD1CC4A972CDA	200002287CDC13C03ED292A74300000002287C	good	-	-	1521834885.000000	1522180485.000000
1521911879.856253	F6py474n5t5Ic9f527	sha1	F6EDB0636232819A35F68D75A09D024A11AA6CAD	77C2B8509A677676B12DC286D083A07EA67EBA4B	5B6A37F39B36AF7F	good	-	-	1521899223.000000	1522504023.000000
1521911879.923814	FbC7X93j9XefvY8WH7	sha1	2985FC613DBE2FB0120F5E420E4C9EC3D59EFD7C	08FE259F74EA8704C2BCBB8EA8385F33C6D16C65	2D0001F35422B3307EEC9502B500000001F354	good	-	-	1521861528.000000	1522207128.000000
1521911879.924520	FkNI2j1XXvcz5Lb0Li	sha1	2985FC613DBE2FB0120F5E420E4C9EC3D59EFD7C	08FE259F74EA8704C2BCBB8EA8385F33C6D16C65	2D0001F35422B3307EEC9502B500000001F354	good	-	-	1521784816.000000	1522130416.000000
1521911880.113473	FS5Sq82j1bsJHszcy1	sha1	4F0B5BD9B7DAAF9FB6F363722276D6E195AE2629	58889FD6DC9C4822B7143EFF8488E8E685FFFA7D	7B0000229E5AE8F70B24874F5200000000229E	good	-	-	1521723635.000000	1522069235.000000
1521911880.113701	Fyi1Db3To3kxMFZsw7	sha1	4F0B5BD9B7DAAF9FB6F363722276D6E195AE2629	58889FD6DC9C4822B7143EFF8488E8E685FFFA7D	7B0000229E5AE8F70B24874F5200000000229E	good	-	-	1521723635.000000	1522069235.000000
1521911880.164527	FRNdRX2w1My1k52aEj	sha1	F6EDB0636232819A35F68D75A09D024A11AA6CAD	77C2B8509A677676B12DC286D083A07EA67EBA4B	7AEE77D0AA874D3A	good	-	-	1521899624.000000	1522504424.000000
1521911880.704445	FnmwjNeuEQovIHHo6	sha1	881A4A74FEFF4652F354BB510FD3A4EEEFE0A1C8	919E3B446C3D579C42772A34D74FD1CC4A972CDA	20000202490C64FBD1CF1D54BF000000020249	good	-	-	1521853951.000000	1522199551.000000
1521911880.704648	FUJZ2B1FiriLsCyX0g	sha1	881A4A74FEFF4652F354BB510FD3A4EEEFE0A1C8	919E3B446C3D579C42772A34D74FD1CC4A972CDA	20000202490C64FBD1CF1D54BF000000020249	good	-	-	1521853951.000000	1522199551.000000
1521911880.883310	F26t361Gw86EV1MWwl	sha1	2985FC613DBE2FB0120F5E420E4C9EC3D59EFD7C	08FE259F74EA8704C2BCBB8EA8385F33C6D16C65	2D0001ECAF9E372BB79299004F00000001ECAF	good	-	-	1521724681.000000	1522070281.000000
1521911880.883637	FHrTCu16JuBFx5PcHe	sha1	2985FC613DBE2FB0120F5E420E4C9EC3D59EFD7C	08FE259F74EA8704C2BCBB8EA8385F33C6D16C65	2D0001ECAF9E372BB79299004F00000001ECAF	good	-	-	1521724681.000000	1522070281.000000
1521911880.886522	F3Keyq3B0qxwQbFTkc	sha1	2985FC613DBE2FB0120F5E420E4C9EC3D59EFD7C	08FE259F74EA8704C2BCBB8EA8385F33C6D16C65	2D0001F35422B3307EEC9502B500000001F354	good	-	-	1521784816.000000	1522130416.000000
1521911880.889701	FneYjv3i20vZ8MF6ja	sha1	22AF001C8075620726E0C8931AECA7421C32123A	7A7B8CC1CFE7A0CA1CD46BFAFBE133C30F1AA29D	160000A226527171F754ACC41600000000A226	good	-	-	1521599423.000000	1521945023.000000
1521911880.890640	FhzF053U2BkjNnBCre	sha1	F6EDB0636232819A35F68D75A09D024A11AA6CAD	77C2B8509A677676B12DC286D083A07EA67EBA4B	6F2AB3C8D104ED87	good	-	-	1521899200.000000	1522504000.000000
1521911880.891053	FXBnK23wW8jRJ8MxXf	sha1	22AF001C8075620726E0C8931AECA7421C32123A	7A7B8CC1CFE7A0CA1CD46BFAFBE133C30F1AA29D	160000A226527171F754ACC41600000000A226	good	-	-	1521599423.000000	1521945023.000000
1521911882.109659	FqIOidRJDdRR18q1c	sha1	4F0B5BD9B7DAAF9FB6F363722276D6E195AE2629	58889FD6DC9C4822B7143EFF8488E8E685FFFA7D	7B0000229E5AE8F70B24874F5200000000229E	good	-	-	1521723635.000000	1522069235.000000
1521911882.110242	Fp57yK2DP1PQYmZ2u5	sha1	4F0B5BD9B7DAAF9FB6F363722276D6E195AE2629	58889FD6DC9C4822B7143EFF8488E8E685FFFA7D	7B0000229E5AE8F70B24874F5200000000229E	good	-	-	1521723635.000000	1522069235.000000
1521911882.256694	FG6gIu4PbX8SNiPWM6	sha1	84D56BF8098BD307B766D8E1EBAD6596AA6B6761	F5CDD53C0850F96A4F3AB797DA5683E669D268F7	26FB6665500C555B0482E4A6	good	-	-	1521908038.000000	1522253638.000000
1521911882.277836	F5e5cn15umAqLvHT26	sha1	B6080D5F6C6B76EB13E438A5F8660BA85233344E	40C2BD278ECC348330A233D7FB6CB3F0B42C80CE	6757797FFB5AE14F	good	-	-	1521902397.000000	1522031997.000000
1521911882.278045	Fp7N7Z3Y01UZwZShAd	sha1	B6080D5F6C6B76EB13E438A5F8660BA85233344E	40C2BD278ECC348330A233D7FB6CB3F0B42C80CE	6757797FFB5AE14F	good	-	-	1521883747.000000	1522013347.000000
1521911882.278994	FRPF0x1avKx1Al6qR2	sha1	B6080D5F6C6B76EB13E438A5F8660BA85233344E	40C2BD278ECC348330A233D7FB6CB3F0B42C80CE	6757797FFB5AE14F	good	-	-	1521894626.000000	1522024226.000000
1521911882.465439	FQLqAN1mdJSMN5scd7	sha1	B6080D5F6C6B76EB13E438A5F8660BA85233344E	40C2BD278ECC348330A233D7FB6CB3F0B42C80CE	6757797FFB5AE14F	good	-	-	1521894626.000000	1522024226.000000
1521911882.937139	F4grvU1lkd1V3Dig79	sha1	47E2622805BFA18DD8BB2BF136278652F4BFD980	97C227509EC2C9EC0C8832C87CADE2A6014FDA6F	7E031A4CD0DFF4222F6B7DB43FE5D970	good	-	-	1521684949.000000	1522289749.000000
1521911884.575337	Fd4ZB5wXzMPDrGN8f	sha1	2985FC613DBE2FB0120F5E420E4C9EC3D59EFD7C	08FE259F74EA8704C2BCBB8EA8385F33C6D16C65	2D00003299D7071DB7D1708A42000000003299	good	-	-	1521728586.000000	1522074186.000000
1521911886.230642	FmKssK2UYRoayYaYc4	sha1	49F4BD8A18BF760698C5DE402D683B716AE4E686	3DD350A5D6A0ADEEF34A600A65D321D4F8F8D60F	0BFDB4090AD7B5E640C30B16C9529A27	good	-	-	1521901688.000000	1522503788.000000
1521911886.715251	FemBNK2D0hDlGSH0d	sha1	EEA8BF762F7B6390DEBB44D145FC476F4FA344CC	C012B22874684667E97025741A00455B067D5C44	0551B592FA53CF2052B8B70F275CC159	good	-	-	1521900125.000000	1522502225.000000
1521911891.762604	FUotgD498S9yJwibV8	sha1	DFAA12E328B1094193E29F4282CE4740429558A3	B13EC36903F8BF4701D498261A0802EF63642BC3	02C4D1E58A4A680C568DA3047E7E4D5F	good	-	-	1521849600.000000	1522454400.000000
1521911891.842884	F842cavGn9bZXPNNl	sha1	66FEB6126AA36BD18048BF6F47E2930786FD9799	974803EB15086BB9B25823CC942EF1C665D2648E	0FF1EF66BD621C65B74B4DE41425717F	good	-	-	1521899057.000000	1522501157.000000
1521911893.094737	FR45r34FMQ97MgPHRb	sha1	CF26F518FAC97E8F8CB342E01C2F6A109E8E5F0A	5168FF90AF0207753CCCD9656462A212B859723B	0E11BBD70D54B710D0C6F540B6B52CA4	good	-	-	1521560232.000000	1522162332.000000
1521911893.131628	F6foi33DzPpuhSS26c	sha1	12EADF46CC0880387360B65A691601CC0CB5E9E2	A92B87E1CE24473B1BBFCF853702559D0D9458E6	30C6AAAF40F2D8BA55153F88	good	-	-	1521894360.000000	1522239960.000000
1521911893.132351	F9ik8X14gViRz24qAh	sha1	12EADF46CC0880387360B65A691601CC0CB5E9E2	A92B87E1CE24473B1BBFCF853702559D0D9458E6	30C6AAAF40F2D8BA55153F88	good	-	-	1521894360.000000	1522239960.000000
1521911893.195644	FcWs7z3Ij5LwSWA32e	sha1	CF26F518FAC97E8F8CB342E01C2F6A109E8E5F0A	5168FF90AF0207753CCCD9656462A212B859723B	083A84592F77F2E7951BF887CEDEC966	good	-	-	1521450818.000000	1522052918.000000
1521911893.210751	Fvwr293nDswxvKbme8	sha1	CF26F518FAC97E8F8CB342E01C2F6A109E8E5F0A	5168FF90AF0207753CCCD9656462A212B859723B	083A84592F77F2E7951BF887CEDEC966	good	-	-	1521450818.000000	1522052918.000000
1521911893.210980	FnuiIE2iFMdWZwxGOc	sha1	CF26F518FAC97E8F8CB342E01C2F6A109E8E5F0A	5168FF90AF0207753CCCD9656462A212B859723B	083A84592F77F2E7951BF887CEDEC966	good	-	-	1521450818.000000	1522052918.000000
1521911893.211058	FJY5mq3olslTSSowY6	sha1	CF26F518FAC97E8F8CB342E01C2F6A109E8E5F0A	5168FF90AF0207753CCCD9656462A212B859723B	083A84592F77F2E7951BF887CEDEC966	good	-	-	1521450818.000000	1522052918.000000
1521911893.211177	Fx4Gyf2hLqGthScTW4	sha1	CF26F518FAC97E8F8CB342E01C2F6A109E8E5F0A	5168FF90AF0207753CCCD9656462A212B859723B	083A84592F77F2E7951BF887CEDEC966	good	-	-	1521450818.000000	1522052918.000000
1521911893.251178	F0Q3ym2RQ5vjrXBDJd	sha1	105FA67A80089DB5279F35CE830B43889EA3C70D	0F80611C823161D52F28E78D4638B42CE1C6D9E2	070526ADF979600175E3DB16E28C20FB	good	-	-	1521655740.000000	1522257840.000000
1521911893.255235	FDf1x339Efag3I07S4	sha1	CF26F518FAC97E8F8CB342E01C2F6A109E8E5F0A	5168FF90AF0207753CCCD9656462A212B859723B	083A84592F77F2E7951BF887CEDEC966	good	-	-	1521450818.000000	1522052918.000000
1521911893.258652	FfT7PR1FBLNWLDTQLe	sha1	CF26F518FAC97E8F8CB342E01C2F6A109E8E5F0A	5168FF90AF0207753CCCD9656462A212B859723B	083A84592F77F2E7951BF887CEDEC966	good	-	-	1521450818.000000	1522052918.000000
1521911893.258756	FNkW4epYhYQLE9bub	sha1	CF26F518FAC97E8F8CB342E01C2F6A109E8E5F0A	5168FF90AF0207753CCCD9656462A212B859723B	083A84592F77F2E7951BF887CEDEC966	good	-	-	1521450818.000000	1522052918.000000
1521911893.546355	FMb3qw2LYx3G24KQ7k	sha1	CF26F518FAC97E8F8CB342E01C2F6A109E8E5F0A	5168FF90AF0207753CCCD9656462A212B859723B	083A84592F77F2E7951BF887CEDEC966	good	-	-	1521450818.000000	1522052918.000000
1521911893.546383	FkIJwy2s36N8y75aCj	sha1	12EADF46CC0880387360B65A691601CC0CB5E9E2	A92B87E1CE24473B1BBFCF853702559D0D9458E6	210879A6D38EDF7AA38F47F7	good	-	-	1521906475.000000	1522252075.000000
1521911893.546671	FolJi43sDw44qy3F7	sha1	12EADF46CC0880387360B65A691601CC0CB5E9E2	A92B87E1CE24473B1BBFCF853702559D0D9458E6	210879A6D38EDF7AA38F47F7	good	-	-	1521906475.000000	1522252075.000000
1521911893.547767	FY2wfd1HrpvVjiZiL5	sha1	12EADF46CC0880387360B65A691601CC0CB5E9E2	A92B87E1CE24473B1BBFCF853702559D0D9458E6	210879A6D38EDF7AA38F47F7	good	-	-	1521906475.000000	1522252075.000000
1521911893.547874	F9tX9E4horuTx6JDj	sha1	12EADF46CC0880387360B65A691601CC0CB5E9E2	A92B87E1CE24473B1BBFCF853702559D0D9458E6	210879A6D38EDF7AA38F47F7	good	-	-	1521906475.000000	1522252075.000000
1521911893.551954	FyM2nY3SqSHmpIpRve	sha1	12EADF46CC0880387360B65A691601CC0CB5E9E2	A92B87E1CE24473B1BBFCF853702559D0D9458E6	210879A6D38EDF7AA38F47F7	good	-	-	1521906475.000000	1522252075.000000
1521911893.878960	F1tHdr4aRTWsdL9uFf	sha1	CF26F518FAC97E8F8CB342E01C2F6A109E8E5F0A	5168FF90AF0207753CCCD9656462A212B859723B	08EE8C043FCB4E6E4E782350FE450E09	good	-	-	1521882960.000000	1522485060.000000
1521911893.956890	FfzGY93OkYyhYzjWh	sha1	12EADF46CC0880387360B65A691601CC0CB5E9E2	A92B87E1CE24473B1BBFCF853702559D0D9458E6	762CA49C0F2708C53B105B94	good	-	-	1521898676.000000	1522244276.000000
1521911893.956904	FVWdgN3WxUVuJpclxh	sha1	12EADF46CC0880387360B65A691601CC0CB5E9E2	A92B87E1CE24473B1BBFCF853702559D0D9458E6	762CA49C0F2708C53B105B94	good	-	-	1521898676.000000	1522244276.000000
1521911893.958746	FxD6X828blIN0Ze6Pa	sha1	12EADF46CC0880387360B65A691601CC0CB5E9E2	A92B87E1CE24473B1BBFCF853702559D0D9458E6	762CA49C0F2708C53B105B94	good	-	-	1521898676.000000	1522244276.000000
1521911894.091817	FOTwuj35oROTe29Jj	sha1	12EADF46CC0880387360B65A691601CC0CB5E9E2	A92B87E1CE24473B1BBFCF853702559D0D9458E6	210879A6D38EDF7AA38F47F7	good	-	-	1521906475.000000	1522252075.000000
1521911894.094705	FkZUFx30VF1hiIhdq8	sha1	12EADF46CC0880387360B65A691601CC0CB5E9E2	A92B87E1CE24473B1BBFCF853702559D0D9458E6	210879A6D38EDF7AA38F47F7	good	-	-	1521906475.000000	1522252075.000000
1521911894.732523	FnyAYD4gkRLKSFGVVi	sha1	12EADF46CC0880387360B65A691601CC0CB5E9E2	A92B87E1CE24473B1BBFCF853702559D0D9458E6	6D2776F639A7B4A96EE091B2	good	-	-	1521893213.000000	1522238813.000000
1521911894.734529	F6gy7q3691utakLzpj	sha1	12EADF46CC0880387360B65A691601CC0CB5E9E2	A92B87E1CE24473B1BBFCF853702559D0D9458E6	6D2776F639A7B4A96EE091B2	good	-	-	1521893213.000000	1522238813.000000
1521911895.170048	FQdJyJfgpREGr5yQh	sha1	12EADF46CC0880387360B65A691601CC0CB5E9E2	A92B87E1CE24473B1BBFCF853702559D0D9458E6	210879A6D38EDF7AA38F47F7	good	-	-	1521906475.000000	1522252075.000000
1521911895.170050	FlMWVtHFrPcINphLi	sha1	12EADF46CC0880387360B65A691601CC0CB5E9E2	A92B87E1CE24473B1BBFCF853702559D0D9458E6	210879A6D38EDF7AA38F47F7	good	-	-	1521906475.000000	1522252075.000000
1521911895.220869	FEPkEL2CgitKOnrkj2	sha1	12EADF46CC0880387360B65A691601CC0CB5E9E2	A92B87E1CE24473B1BBFCF853702559D0D9458E6	76DA5993992DCAD802775EE5	good	-	-	1521895249.000000	1522240849.000000
1521911895.222437	FibhFP3GwtL8cA1xa	sha1	12EADF46CC0880387360B65A691601CC0CB5E9E2	A92B87E1CE24473B1BBFCF853702559D0D9458E6	76DA5993992DCAD802775EE5	good	-	-	1521895249.000000	1522240849.000000
1521911895.222725	FpXMVa1Ex8exHkNqjl	sha1	12EADF46CC0880387360B65A691601CC0CB5E9E2	A92B87E1CE24473B1BBFCF853702559D0D9458E6	76DA5993992DCAD802775EE5	good	-	-	1521895249.000000	1522240849.000000
1521911895.223378	FzFpzg3IZWmHRcJ693	sha1	12EADF46CC0880387360B65A691601CC0CB5E9E2	A92B87E1CE24473B1BBFCF853702559D0D9458E6	76DA5993992DCAD802775EE5	good	-	-	1521895249.000000	1522240849.000000
1521911895.223388	FrXuwN17YI3F8J9Hf3	sha1	12EADF46CC0880387360B65A691601CC0CB5E9E2	A92B87E1CE24473B1BBFCF853702559D0D9458E6	76DA5993992DCAD802775EE5	good	-	-	1521895249.000000	1522240849.000000
1521911895.223570	FV7tXB2KXt2tN8Yjza	sha1	12EADF46CC0880387360B65A691601CC0CB5E9E2	A92B87E1CE24473B1BBFCF853702559D0D9458E6	76DA5993992DCAD802775EE5	good	-	-	1521895249.000000	1522240849.000000
1521911895.394090	Ffjiiz1rKRPbuvDNyj	sha1	33F5AAC61D66E7055D03173A4D1F3E187138850D	59A4660652A07B95923CA394072796745BF93DD0	06D6D3A9FE0AF83648F9888B5FFB28B8	good	-	-	1521630460.000000	1522232560.000000
1521911895.752897	FGhVm93ArkM31loEv	sha1	12EADF46CC0880387360B65A691601CC0CB5E9E2	A92B87E1CE24473B1BBFCF853702559D0D9458E6	210879A6D38EDF7AA38F47F7	good	-	-	1521906475.000000	1522252075.000000
1521911895.754788	FyipaW21HKaFikGYMc	sha1	12EADF46CC0880387360B65A691601CC0CB5E9E2	A92B87E1CE24473B1BBFCF853702559D0D9458E6	210879A6D38EDF7AA38F47F7	good	-	-	1521906475.000000	1522252075.000000
1521911898.411413	FhyR7E2qWnQP1bG7W	sha1	33F5AAC61D66E7055D03173A4D1F3E187138850D	59A4660652A07B95923CA394072796745BF93DD0	0AFC95C404F88BC201823FB2CB6558BF	good	-	-	1521822249.000000	1522424349.000000
1521911898.926852	FXO9ok1T44Wl0cNkT7	sha1	7EE66AE7729AB3FCF8A220646C16A12D6071085D	A84A6A63047DDDBAE6D139B7A64565EFF3A8ECA1	033861ED6F844C861701ED793697B3695E0F	good	-	-	1521766800.000000	1522371600.000000
1521911898.929300	FZTTyg78gtD5Huxdd	sha1	7EE66AE7729AB3FCF8A220646C16A12D6071085D	A84A6A63047DDDBAE6D139B7A64565EFF3A8ECA1	033861ED6F844C861701ED793697B3695E0F	good	-	-	1521766800.000000	1522371600.000000
1521911898.939894	FbO6j21oWrXkipDDzk	sha1	7EE66AE7729AB3FCF8A220646C16A12D6071085D	A84A6A63047DDDBAE6D139B7A64565EFF3A8ECA1	033861ED6F844C861701ED793697B3695E0F	good	-	-	1521766800.000000	1522371600.000000
1521911901.912875	FSs5UgxMEmJlGrtP	sha1	7EE66AE7729AB3FCF8A220646C16A12D6071085D	A84A6A63047DDDBAE6D139B7A64565EFF3A8ECA1	033591AED7F7E337A09A6A50E058592501AB	good	-	-	1521838800.000000	1522443600.000000
1521911902.058546	FtesRE45C4BHZGWhLg	sha1	105FA67A80089DB5279F35CE830B43889EA3C70D	0F80611C823161D52F28E78D4638B42CE1C6D9E2	0A129AC79D151C8BF85072B0547AACF4	good	-	-	1521886874.000000	1522488974.000000
1521911902.063770	F0h6LR20ng7t6wKU06	sha1	105FA67A80089DB5279F35CE830B43889EA3C70D	0F80611C823161D52F28E78D4638B42CE1C6D9E2	0A129AC79D151C8BF85072B0547AACF4	good	-	-	1521886874.000000	1522488974.000000
1521911905.604277	FHQ3A03HzAolP0YrMd	sha1	22AF001C8075620726E0C8931AECA7421C32123A	7A7B8CC1CFE7A0CA1CD46BFAFBE133C30F1AA29D	16000054AB63FF59C3F7E02BD20000000054AB	good	-	-	1521626149.000000	1521971749.000000
1521911905.614248	FGyv6G2wB9VjvZ6aq2	sha1	4F0B5BD9B7DAAF9FB6F363722276D6E195AE2629	58889FD6DC9C4822B7143EFF8488E8E685FFFA7D	7B0000229E5AE8F70B24874F5200000000229E	good	-	-	1521723635.000000	1522069235.000000
1521911905.624608	FebDB232XoTekrmpX6	sha1	7D14CA1E3E08269E1A333D0E0E6FF31361215EEA	25F08AE14B7AD901950AEDC653F18C781FD9F3F8	0F683F2DFAC9EDF014148CA649DB4BAD	good	-	-	1521346550.000000	1521951350.000000
1521911906.084700	F6726X2nBk29CwHkE9	sha1	2985FC613DBE2FB0120F5E420E4C9EC3D59EFD7C	08FE259F74EA8704C2BCBB8EA8385F33C6D16C65	2D00003299D7071DB7D1708A42000000003299	good	-	-	1521663541.000000	1522009141.000000
1521911906.086517	FE5EYg2vMCLC5HFy55	sha1	2985FC613DBE2FB0120F5E420E4C9EC3D59EFD7C	08FE259F74EA8704C2BCBB8EA8385F33C6D16C65	2D00003299D7071DB7D1708A42000000003299	good	-	-	1521851128.000000	1522196728.000000
1521911906.786300	FmGIZfk8SmVmhRech	sha1	2985FC613DBE2FB0120F5E420E4C9EC3D59EFD7C	08FE259F74EA8704C2BCBB8EA8385F33C6D16C65	2D00003299D7071DB7D1708A42000000003299	good	-	-	1521892041.000000	1522237641.000000
1521911906.786302	FwLzUZFrEcdo8hxlf	sha1	2985FC613DBE2FB0120F5E420E4C9EC3D59EFD7C	08FE259F74EA8704C2BCBB8EA8385F33C6D16C65	2D00003299D7071DB7D1708A42000000003299	good	-	-	1521880698.000000	1522226298.000000
1521911907.847683	FbLqBX25C90239X86i	sha1	2985FC613DBE2FB0120F5E420E4C9EC3D59EFD7C	08FE259F74EA8704C2BCBB8EA8385F33C6D16C65	2D00003299D7071DB7D1708A42000000003299	good	-	-	1521875174.000000	1522220774.000000
1521911907.848274	Ff1j8i3BFZyzCWDWy4	sha1	2985FC613DBE2FB0120F5E420E4C9EC3D59EFD7C	08FE259F74EA8704C2BCBB8EA8385F33C6D16C65	2D00003299D7071DB7D1708A42000000003299	good	-	-	1521875174.000000	1522220774.000000
1521911908.030652	Fj2JjY2elCntq6oMhk	sha1	2985FC613DBE2FB0120F5E420E4C9EC3D59EFD7C	08FE259F74EA8704C2BCBB8EA8385F33C6D16C65	2D00003299D7071DB7D1708A42000000003299	good	-	-	1521880698.000000	1522226298.000000
1521911908.030771	FZaRjm1HPWtQmO79j	sha1	2985FC613DBE2FB0120F5E420E4C9EC3D59EFD7C	08FE259F74EA8704C2BCBB8EA8385F33C6D16C65	2D00003299D7071DB7D1708A42000000003299	good	-	-	1521826522.000000	1522172122.000000
1521911909.582779	FxGil119IaKo20YOO5	sha1	2985FC613DBE2FB0120F5E420E4C9EC3D59EFD7C	08FE259F74EA8704C2BCBB8EA8385F33C6D16C65	2D00003299D7071DB7D1708A42000000003299	good	-	-	1521826522.000000	1522172122.000000
1521911909.582908	FzD1ac8SrApqUViwl	sha1	2985FC613DBE2FB0120F5E420E4C9EC3D59EFD7C	08FE259F74EA8704C2BCBB8EA8385F33C6D16C65	2D00003299D7071DB7D1708A42000000003299	good	-	-	1521863704.000000	1522209304.000000
1521911910.623445	FOAdRmbOQzGHhinK9	sha1	2985FC613DBE2FB0120F5E420E4C9EC3D59EFD7C	08FE259F74EA8704C2BCBB8EA8385F33C6D16C65	2D00003299D7071DB7D1708A42000000003299	good	-	-	1521902894.000000	1522248494.000000
1521911910.623587	FbOfrUocgr6u5E8Ac	sha1	2985FC613DBE2FB0120F5E420E4C9EC3D59EFD7C	08FE259F74EA8704C2BCBB8EA8385F33C6D16C65	2D00003299D7071DB7D1708A42000000003299	good	-	-	1521892041.000000	1522237641.000000
1521911910.640262	F89gd84LJ8guzd8dk9	sha1	49F4BD8A18BF760698C5DE402D683B716AE4E686	3DD350A5D6A0ADEEF34A600A65D321D4F8F8D60F	0AD9B00801718556792CD5C6FC12421D	good	-	-	1521887025.000000	1522489125.000000
1521911910.812181	F8ooUc3pOyucx90q54	sha1	2985FC613DBE2FB0120F5E420E4C9EC3D59EFD7C	08FE259F74EA8704C2BCBB8EA8385F33C6D16C65	2D00003299D7071DB7D1708A42000000003299	good	-	-	1521863704.000000	1522209304.000000
1521911910.812390	FEwd083VOnT8qwjXRa	sha1	2985FC613DBE2FB0120F5E420E4C9EC3D59EFD7C	08FE259F74EA8704C2BCBB8EA8385F33C6D16C65	2D00003299D7071DB7D1708A42000000003299	good	-	-	1521826522.000000	1522172122.000000
1521911915.025169	FIc9kF3paPuMib0cXe	sha1	4F0B5BD9B7DAAF9FB6F363722276D6E195AE2629	58889FD6DC9C4822B7143EFF8488E8E685FFFA7D	7B0000229E5AE8F70B24874F5200000000229E	good	-	-	1521723635.000000	1522069235.000000
1521911915.026390	FSbmG63XH643PZSMKh	sha1	4F0B5BD9B7DAAF9FB6F363722276D6E195AE2629	58889FD6DC9C4822B7143EFF8488E8E685FFFA7D	7B0000229E5AE8F70B24874F5200000000229E	good	-	-	1521723635.000000	1522069235.000000
1521911916.062059	F2aUiqK9Fjje9jhae	sha1	2985FC613DBE2FB0120F5E420E4C9EC3D59EFD7C	08FE259F74EA8704C2BCBB8EA8385F33C6D16C65	2D00003299D7071DB7D1708A42000000003299	good	-	-	1521851128.000000	1522196728.000000
1521911916.062613	Fau4LU2bugn88bCAK3	sha1	2985FC613DBE2FB0120F5E420E4C9EC3D59EFD7C	08FE259F74EA8704C2BCBB8EA8385F33C6D16C65	2D00003299D7071DB7D1708A42000000003299	good	-	-	1521653496.000000	1521999096.000000
1521911916.749213	FxJzVX3t5k2jZqYFJ9	sha1	12EADF46CC0880387360B65A691601CC0CB5E9E2	A92B87E1CE24473B1BBFCF853702559D0D9458E6	37B5B95D9FCECD68D4D7C011	good	-	-	1521819519.000000	1522165119.000000
1521911916.972393	Fm3GIC4qbiF3mTFT4i	sha1	2985FC613DBE2FB0120F5E420E4C9EC3D59EFD7C	08FE259F74EA8704C2BCBB8EA8385F33C6D16C65	2D0001E8A309C019A913DB800C00000001E8A3	good	-	-	1521881229.000000	1522226829.000000
1521911917.057515	FZazOT1V5xkZEvX2S8	sha1	2985FC613DBE2FB0120F5E420E4C9EC3D59EFD7C	08FE259F74EA8704C2BCBB8EA8385F33C6D16C65	2D0001F35422B3307EEC9502B500000001F354	good	-	-	1521685703.000000	1522031303.000000
1521911917.059704	FClSGh1i6Pf91NumQ9	sha1	2985FC613DBE2FB0120F5E420E4C9EC3D59EFD7C	08FE259F74EA8704C2BCBB8EA8385F33C6D16C65	2D0001F35422B3307EEC9502B500000001F354	good	-	-	1521697136.000000	1522042736.000000
1521911917.067649	F4VM6H13uJ7uJKGau5	sha1	2985FC613DBE2FB0120F5E420E4C9EC3D59EFD7C	08FE259F74EA8704C2BCBB8EA8385F33C6D16C65	2D0001F35422B3307EEC9502B500000001F354	good	-	-	1521784816.000000	1522130416.000000
1521911917.080564	FVFlpd4Q4aXD54gfuk	sha1	22AF001C8075620726E0C8931AECA7421C32123A	7A7B8CC1CFE7A0CA1CD46BFAFBE133C30F1AA29D	160000CF976A00565F72CE44D500000000CF97	good	-	-	1521868362.000000	1522213962.000000
1521911917.081681	FcCRg41k59avTGV1Rl	sha1	22AF001C8075620726E0C8931AECA7421C32123A	7A7B8CC1CFE7A0CA1CD46BFAFBE133C30F1AA29D	160000CF976A00565F72CE44D500000000CF97	good	-	-	1521868362.000000	1522213962.000000
1521911917.082272	FQH7GJ1LH6CUiAtDnk	sha1	22AF001C8075620726E0C8931AECA7421C32123A	7A7B8CC1CFE7A0CA1CD46BFAFBE133C30F1AA29D	160000CF976A00565F72CE44D500000000CF97	good	-	-	1521826135.000000	1522171735.000000
1521911917.085334	Fe8O8mkhR7DVVNFe	sha1	22AF001C8075620726E0C8931AECA7421C32123A	7A7B8CC1CFE7A0CA1CD46BFAFBE133C30F1AA29D	160000CF976A00565F72CE44D500000000CF97	good	-	-	1521826135.000000	1522171735.000000
1521911917.085388	FF2comzzFkSlHu284	sha1	22AF001C8075620726E0C8931AECA7421C32123A	7A7B8CC1CFE7A0CA1CD46BFAFBE133C30F1AA29D	160000CF976A00565F72CE44D500000000CF97	good	-	-	1521804110.000000	1522149710.000000
1521911917.085680	FaxlM84cAfvrHQA1Hk	sha1	22AF001C8075620726E0C8931AECA7421C32123A	7A7B8CC1CFE7A0CA1CD46BFAFBE133C30F1AA29D	160000CF976A00565F72CE44D500000000CF97	good	-	-	1521868362.000000	1522213962.000000
1521911917.085787	F8yhR03GHFHyR4qKOa	sha1	22AF001C8075620726E0C8931AECA7421C32123A	7A7B8CC1CFE7A0CA1CD46BFAFBE133C30F1AA29D	160000CF976A00565F72CE44D500000000CF97	good	-	-	1521826135.000000	1522171735.000000
1521911917.086117	Fi2yzQ15eUefvYU0sj	sha1	22AF001C8075620726E0C8931AECA7421C32123A	7A7B8CC1CFE7A0CA1CD46BFAFBE133C30F1AA29D	160000CF976A00565F72CE44D500000000CF97	good	-	-	1521868362.000000	1522213962.000000
1521911917.089826	FZ2AZd1Nlehuk1iXG4	sha1	22AF001C8075620726E0C8931AECA7421C32123A	7A7B8CC1CFE7A0CA1CD46BFAFBE133C30F1AA29D	160000CF976A00565F72CE44D500000000CF97	good	-	-	1521868362.000000	1522213962.000000
1521911917.094599	FD8oCW3YwMfCoLSmIk	sha1	22AF001C8075620726E0C8931AECA7421C32123A	7A7B8CC1CFE7A0CA1CD46BFAFBE133C30F1AA29D	160000CF976A00565F72CE44D500000000CF97	good	-	-	1521868362.000000	1522213962.000000
1521911920.566800	FWwHjG1e1biT4QFEcb	sha1	CEA633847FA2C6D73E768EA031C03953C6868E0A	40096167F0BC83714FDE12082C6FD4D42B763D96	0A5B9D824764DB204AB56F76037FCA9F	good	-	-	1521464992.000000	1522069792.000000
1521911920.567920	Fr9K042f3tr3Z7k55	sha1	CEA633847FA2C6D73E768EA031C03953C6868E0A	40096167F0BC83714FDE12082C6FD4D42B763D96	0A5B9D824764DB204AB56F76037FCA9F	good	-	-	1521464992.000000	1522069792.000000
1521911923.173944	F192nL2cLwSu2KfYwc	sha1	7AE13EE8A0C42A2CB428CBE7A605461940E2A1E9	90AF6A3A945A0BD890EA125673DF43B43A28DAE7	7A5C0BB401BBFEFF15357B4957BA9AC5	good	-	-	1521866874.000000	1522471674.000000
1521911923.229785	FoJEmM21FjaeFRwZPa	sha1	B6080D5F6C6B76EB13E438A5F8660BA85233344E	40C2BD278ECC348330A233D7FB6CB3F0B42C80CE	A80B9B37F7C73200	good	-	-	1521904864.000000	1522034464.000000
1521911923.230254	FvtiB32XKKAVv8QXCa	sha1	B6080D5F6C6B76EB13E438A5F8660BA85233344E	40C2BD278ECC348330A233D7FB6CB3F0B42C80CE	A80B9B37F7C73200	good	-	-	1521904864.000000	1522034464.000000
1521911923.275741	F3IKK52NDsVm4s5eJc	sha1	2985FC613DBE2FB0120F5E420E4C9EC3D59EFD7C	08FE259F74EA8704C2BCBB8EA8385F33C6D16C65	2D00024FC829578D479DAB54CF000000024FC8	good	-	-	1521860599.000000	1522206199.000000
1521911923.436082	Fe5bQQ1IJqqG80VmD2	sha1	105FA67A80089DB5279F35CE830B43889EA3C70D	0F80611C823161D52F28E78D4638B42CE1C6D9E2	0ABFDFA0D326FF061BC7ADFA62091075	good	-	-	1521454993.000000	1522057093.000000
1521911923.436452	FOXHLG1bhfu4d9G2i6	sha1	105FA67A80089DB5279F35CE830B43889EA3C70D	0F80611C823161D52F28E78D4638B42CE1C6D9E2	0ABFDFA0D326FF061BC7ADFA62091075	good	-	-	1521454993.000000	1522057093.000000
1521911926.120668	FSUL5p3YIbswfZUpvb	sha1	105FA67A80089DB5279F35CE830B43889EA3C70D	0F80611C823161D52F28E78D4638B42CE1C6D9E2	0A129AC79D151C8BF85072B0547AACF4	good	-	-	1521886874.000000	1522488974.000000
1521911927.254915	FuHzoi1p1Hb2Rqmxy9	sha1	105FA67A80089DB5279F35CE830B43889EA3C70D	0F80611C823161D52F28E78D4638B42CE1C6D9E2	0ABFDFA0D326FF061BC7ADFA62091075	good	-	-	1521454993.000000	1522057093.000000
1521911927.254930	Fswg051f1maFLptIWe	sha1	105FA67A80089DB5279F35CE830B43889EA3C70D	0F80611C823161D52F28E78D4638B42CE1C6D9E2	0ABFDFA0D326FF061BC7ADFA62091075	good	-	-	1521454993.000000	1522057093.000000
1521911928.364966	Fn8SNX1LNK6g8qesGc	sha1	0C9E4D9C3DEDEF84D891E972C7CF8406BC197B07	96DE61F1BD1C1629531CC0CC7D3B830040E61A7C	31286B852AE09FCC2070C2E2	good	-	-	1521881316.000000	1522226916.000000
1521911928.365440	FIlvi42sPobqg7toci	sha1	0C9E4D9C3DEDEF84D891E972C7CF8406BC197B07	96DE61F1BD1C1629531CC0CC7D3B830040E61A7C	31286B852AE09FCC2070C2E2	good	-	-	1521881316.000000	1522226916.000000
1521911928.524223	FDKNO42PJzLtxx9AGl	sha1	E7BC023F9CDE3DA8F4C9636A9342D7E42F18EF10	A39DE61FF9DA394FC06EE891CB95A5DA31E20A9F	031489479BCD9C116EA7B6162E5E68E6	good	-	-	1521895992.000000	1522498092.000000
1521911928.524679	FiXubG3srSnGbD8XV8	sha1	E7BC023F9CDE3DA8F4C9636A9342D7E42F18EF10	A39DE61FF9DA394FC06EE891CB95A5DA31E20A9F	031489479BCD9C116EA7B6162E5E68E6	good	-	-	1521895992.000000	1522498092.000000
1521911928.583196	F1imPU2pCXglSY3Xye	sha1	105FA67A80089DB5279F35CE830B43889EA3C70D	0F80611C823161D52F28E78D4638B42CE1C6D9E2	0ABFDFA0D326FF061BC7ADFA62091075	good	-	-	1521454993.000000	1522057093.000000
1521911928.583259	F5Yvl92xYnOKV0Wz9d	sha1	105FA67A80089DB5279F35CE830B43889EA3C70D	0F80611C823161D52F28E78D4638B42CE1C6D9E2	0ABFDFA0D326FF061BC7ADFA62091075	good	-	-	1521454993.000000	1522057093.000000
1521911937.021726	FN3Nqb1zTK5UTYQixc	sha1	105FA67A80089DB5279F35CE830B43889EA3C70D	0F80611C823161D52F28E78D4638B42CE1C6D9E2	0CA9C64361BFC92A79B1DD9CFB9E48EC	good	-	-	1521891067.000000	1522493167.000000
1521911937.134510	FijZrJ26c7lpAwqZ9c	sha1	105FA67A80089DB5279F35CE830B43889EA3C70D	0F80611C823161D52F28E78D4638B42CE1C6D9E2	0CA9C64361BFC92A79B1DD9CFB9E48EC	good	-	-	1521891067.000000	1522493167.000000
1521911940.653796	FteIIW349gcpf12Ddl	sha1	22AF001C8075620726E0C8931AECA7421C32123A	7A7B8CC1CFE7A0CA1CD46BFAFBE133C30F1AA29D	160000CF976A00565F72CE44D500000000CF97	good	-	-	1521804110.000000	1522149710.000000
1521911940.655295	Fpjyri4djWIZNmoMmb	sha1	22AF001C8075620726E0C8931AECA7421C32123A	7A7B8CC1CFE7A0CA1CD46BFAFBE133C30F1AA29D	160000CF976A00565F72CE44D500000000CF97	good	-	-	1521804110.000000	1522149710.000000
1521911940.658196	FKpsq11dhZawmXplHk	sha1	22AF001C8075620726E0C8931AECA7421C32123A	7A7B8CC1CFE7A0CA1CD46BFAFBE133C30F1AA29D	160000CF976A00565F72CE44D500000000CF97	good	-	-	1521857371.000000	1522202971.000000
1521911940.658984	Fs1ZQj2S6uhXldUFz2	sha1	22AF001C8075620726E0C8931AECA7421C32123A	7A7B8CC1CFE7A0CA1CD46BFAFBE133C30F1AA29D	160000CF976A00565F72CE44D500000000CF97	good	-	-	1521857371.000000	1522202971.000000
1521911940.659111	Fye8Jw35ImkYxbRNI8	sha1	22AF001C8075620726E0C8931AECA7421C32123A	7A7B8CC1CFE7A0CA1CD46BFAFBE133C30F1AA29D	160000CF976A00565F72CE44D500000000CF97	good	-	-	1521857371.000000	1522202971.000000
1521911940.659188	F0OtTa1WtiQcqoqpu6	sha1	22AF001C8075620726E0C8931AECA7421C32123A	7A7B8CC1CFE7A0CA1CD46BFAFBE133C30F1AA29D	160000CF976A00565F72CE44D500000000CF97	good	-	-	1521857371.000000	1522202971.000000
1521911940.665523	FaDd6V1ZMVFYTXzHcl	sha1	2985FC613DBE2FB0120F5E420E4C9EC3D59EFD7C	08FE259F74EA8704C2BCBB8EA8385F33C6D16C65	2D0001F35422B3307EEC9502B500000001F354	good	-	-	1521894989.000000	1522240589.000000
1521911940.668624	F6QqCmHfPYtU7JSbf	sha1	2985FC613DBE2FB0120F5E420E4C9EC3D59EFD7C	08FE259F74EA8704C2BCBB8EA8385F33C6D16C65	2D0001F35422B3307EEC9502B500000001F354	good	-	-	1521718670.000000	1522064270.000000
1521911945.694557	F6z4Ei4kxYKg2JAQKj	sha1	105FA67A80089DB5279F35CE830B43889EA3C70D	0F80611C823161D52F28E78D4638B42CE1C6D9E2	0CA9C64361BFC92A79B1DD9CFB9E48EC	good	-	-	1521891067.000000	1522493167.000000
1521911945.735832	FV29TPb78PcVLPyf1	sha1	CF26F518FAC97E8F8CB342E01C2F6A109E8E5F0A	5168FF90AF0207753CCCD9656462A212B859723B	0E11BBD70D54B710D0C6F540B6B52CA4	good	-	-	1521560232.000000	1522162332.000000
1521911980.552275	F4mDGU1eU1IcXYvSRf	sha1	12EADF46CC0880387360B65A691601CC0CB5E9E2	A92B87E1CE24473B1BBFCF853702559D0D9458E6	210879A6D38EDF7AA38F47F7	good	-	-	1521906475.000000	1522252075.000000
1521911981.847063	F77tOWOK4cHctt7I8	sha1	105FA67A80089DB5279F35CE830B43889EA3C70D	0F80611C823161D52F28E78D4638B42CE1C6D9E2	0CA9C64361BFC92A79B1DD9CFB9E48EC	good	-	-	1521891067.000000	1522493167.000000
1521911995.263481	FsJyRk3Wz6WzcW1Wlc	sha1	12EADF46CC0880387360B65A691601CC0CB5E9E2	A92B87E1CE24473B1BBFCF853702559D0D9458E6	30C6AAAF40F2D8BA55153F88	good	-	-	1521894360.000000	1522239960.000000
1521911995.758907	FqG0msiY6evuaeWlk	sha1	12EADF46CC0880387360B65A691601CC0CB5E9E2	A92B87E1CE24473B1BBFCF853702559D0D9458E6	210879A6D38EDF7AA38F47F7	good	-	-	1521906475.000000	1522252075.000000
1521911995.758954	F1nMwm28yeebkzWi15	sha1	12EADF46CC0880387360B65A691601CC0CB5E9E2	A92B87E1CE24473B1BBFCF853702559D0D9458E6	210879A6D38EDF7AA38F47F7	good	-	-	1521906475.000000	1522252075.000000
1521911995.759005	FGa8BKt2oDLHBo051	sha1	12EADF46CC0880387360B65A691601CC0CB5E9E2	A92B87E1CE24473B1BBFCF853702559D0D9458E6	210879A6D38EDF7AA38F47F7	good	-	-	1521906475.000000	1522252075.000000
1521911995.760676	Fr6WJc3FwDM7gM2chf	sha1	12EADF46CC0880387360B65A691601CC0CB5E9E2	A92B87E1CE24473B1BBFCF853702559D0D9458E6	210879A6D38EDF7AA38F47F7	good	-	-	1521906475.000000	1522252075.000000
1521911995.760776	Fx9uJlDEqkwtL3q6	sha1	12EADF46CC0880387360B65A691601CC0CB5E9E2	A92B87E1CE24473B1BBFCF853702559D0D9458E6	210879A6D38EDF7AA38F47F7	good	-	-	1521906475.000000	1522252075.000000
1521911995.764967	FOnNQo3VUFEKBJn2A6	sha1	12EADF46CC0880387360B65A691601CC0CB5E9E2	A92B87E1CE24473B1BBFCF853702559D0D9458E6	210879A6D38EDF7AA38F47F7	good	-	-	1521906475.000000	1522252075.000000
1521911995.796597	FZOOX02m3ARtR1ZaX	sha1	12EADF46CC0880387360B65A691601CC0CB5E9E2	A92B87E1CE24473B1BBFCF853702559D0D9458E6	762CA49C0F2708C53B105B94	good	-	-	1521898676.000000	1522244276.000000
1521911995.797396	FRRWdq41SgEKmUxao2	sha1	12EADF46CC0880387360B65A691601CC0CB5E9E2	A92B87E1CE24473B1BBFCF853702559D0D9458E6	762CA49C0F2708C53B105B94	good	-	-	1521898676.000000	1522244276.000000
1521911995.798118	FUUr8C45GavziXqTl3	sha1	12EADF46CC0880387360B65A691601CC0CB5E9E2	A92B87E1CE24473B1BBFCF853702559D0D9458E6	762CA49C0F2708C53B105B94	good	-	-	1521898676.000000	1522244276.000000
1521911995.798217	FauGUX3bTUp2R6PnIa	sha1	12EADF46CC0880387360B65A691601CC0CB5E9E2	A92B87E1CE24473B1BBFCF853702559D0D9458E6	762CA49C0F2708C53B105B94	good	-	-	1521898676.000000	1522244276.000000
1521911995.798220	FVfro62Gz6zwhHD1O5	sha1	12EADF46CC0880387360B65A691601CC0CB5E9E2	A92B87E1CE24473B1BBFCF853702559D0D9458E6	762CA49C0F2708C53B105B94	good	-	-	1521898676.000000	1522244276.000000
1521911995.800058	FlXz0f3Mv8eYQjAvLj	sha1	12EADF46CC0880387360B65A691601CC0CB5E9E2	A92B87E1CE24473B1BBFCF853702559D0D9458E6	762CA49C0F2708C53B105B94	good	-	-	1521898676.000000	1522244276.000000
1521911995.997780	FRgrmzP6JKYyI6Pa5	sha1	12EADF46CC0880387360B65A691601CC0CB5E9E2	A92B87E1CE24473B1BBFCF853702559D0D9458E6	210879A6D38EDF7AA38F47F7	good	-	-	1521906475.000000	1522252075.000000
1521911996.547078	F5RdWQ5f0AP6qwfTc	sha1	12EADF46CC0880387360B65A691601CC0CB5E9E2	A92B87E1CE24473B1BBFCF853702559D0D9458E6	210879A6D38EDF7AA38F47F7	good	-	-	1521906475.000000	1522252075.000000
1521911996.725242	Fnesxk9JxkveiCh49	sha1	12EADF46CC0880387360B65A691601CC0CB5E9E2	A92B87E1CE24473B1BBFCF853702559D0D9458E6	6D2776F639A7B4A96EE091B2	good	-	-	1521893213.000000	1522238813.000000
1521911996.914625	FaG12lPdcO5dh5fC8	sha1	12EADF46CC0880387360B65A691601CC0CB5E9E2	A92B87E1CE24473B1BBFCF853702559D0D9458E6	76DA5993992DCAD802775EE5	good	-	-	1521895249.000000	1522240849.000000
1521911996.914806	FfNx4T2MtZmm6whlF3	sha1	12EADF46CC0880387360B65A691601CC0CB5E9E2	A92B87E1CE24473B1BBFCF853702559D0D9458E6	76DA5993992DCAD802775EE5	good	-	-	1521895249.000000	1522240849.000000
1521911996.914817	FhCoDQ2VZg7D0JpU3j	sha1	12EADF46CC0880387360B65A691601CC0CB5E9E2	A92B87E1CE24473B1BBFCF853702559D0D9458E6	76DA5993992DCAD802775EE5	good	-	-	1521895249.000000	1522240849.000000
1521911996.915120	Fb3HzC4vK4de84gjwl	sha1	12EADF46CC0880387360B65A691601CC0CB5E9E2	A92B87E1CE24473B1BBFCF853702559D0D9458E6	76DA5993992DCAD802775EE5	good	-	-	1521895249.000000	1522240849.000000
1521911996.915454	F5g2P43B1U0GSrZ9v9	sha1	12EADF46CC0880387360B65A691601CC0CB5E9E2	A92B87E1CE24473B1BBFCF853702559D0D9458E6	76DA5993992DCAD802775EE5	good	-	-	1521895249.000000	1522240849.000000
1521911997.017273	FRl8CR12CJVudLiMX2	sha1	33F5AAC61D66E7055D03173A4D1F3E187138850D	59A4660652A07B95923CA394072796745BF93DD0	06D6D3A9FE0AF83648F9888B5FFB28B8	good	-	-	1521889674.000000	1522491774.000000
1521911997.027253	FsfgYS6hKLebEnQ41	sha1	12EADF46CC0880387360B65A691601CC0CB5E9E2	A92B87E1CE24473B1BBFCF853702559D0D9458E6	210879A6D38EDF7AA38F47F7	good	-	-	1521906475.000000	1522252075.000000
1521911997.176804	FERnkQ1eBqGZYSttmf	sha1	12EADF46CC0880387360B65A691601CC0CB5E9E2	A92B87E1CE24473B1BBFCF853702559D0D9458E6	210879A6D38EDF7AA38F47F7	good	-	-	1521906475.000000	1522252075.000000
1521911998.625056	FKThsD3For6Zk1ZwHe	sha1	CF26F518FAC97E8F8CB342E01C2F6A109E8E5F0A	5168FF90AF0207753CCCD9656462A212B859723B	0AEB782F614577C33872B81DE396129D	good	-	-	1521887039.000000	1522489139.000000
1521912000.011301	FHRwlh2VmC5HhRI1Fc	sha1	33F5AAC61D66E7055D03173A4D1F3E187138850D	59A4660652A07B95923CA394072796745BF93DD0	0AFC95C404F88BC201823FB2CB6558BF	good	-	-	1521887051.000000	1522489151.000000
1521912000.014777	FzFseg4FdUMLN4s7gh	sha1	33F5AAC61D66E7055D03173A4D1F3E187138850D	59A4660652A07B95923CA394072796745BF93DD0	0AFC95C404F88BC201823FB2CB6558BF	good	-	-	1521887051.000000	1522489151.000000
1521912003.599936	FKRgR62WPqOqIX3Rq6	sha1	CF26F518FAC97E8F8CB342E01C2F6A109E8E5F0A	5168FF90AF0207753CCCD9656462A212B859723B	083A84592F77F2E7951BF887CEDEC966	good	-	-	1521450818.000000	1522052918.000000
1521912003.702058	FgK0CafWmDCV8dxId	sha1	CF26F518FAC97E8F8CB342E01C2F6A109E8E5F0A	5168FF90AF0207753CCCD9656462A212B859723B	083A84592F77F2E7951BF887CEDEC966	good	-	-	1521450818.000000	1522052918.000000
1521912003.702365	FGZCY73Yuk9mcGYeCl	sha1	CF26F518FAC97E8F8CB342E01C2F6A109E8E5F0A	5168FF90AF0207753CCCD9656462A212B859723B	083A84592F77F2E7951BF887CEDEC966	good	-	-	1521450818.000000	1522052918.000000
1521912003.702498	FC10gR3ME2ou0qDM2f	sha1	CF26F518FAC97E8F8CB342E01C2F6A109E8E5F0A	5168FF90AF0207753CCCD9656462A212B859723B	083A84592F77F2E7951BF887CEDEC966	good	-	-	1521450818.000000	1522052918.000000
1521912003.702878	FPLG3y3ahCVJ2LUkCd	sha1	CF26F518FAC97E8F8CB342E01C2F6A109E8E5F0A	5168FF90AF0207753CCCD9656462A212B859723B	083A84592F77F2E7951BF887CEDEC966	good	-	-	1521450818.000000	1522052918.000000
1521912003.702975	FGoEzC19uSzEJvHfka	sha1	CF26F518FAC97E8F8CB342E01C2F6A109E8E5F0A	5168FF90AF0207753CCCD9656462A212B859723B	083A84592F77F2E7951BF887CEDEC966	good	-	-	1521450818.000000	1522052918.000000
1521912003.703241	Fmw8zK1j9lHVA9X4l	sha1	CF26F518FAC97E8F8CB342E01C2F6A109E8E5F0A	5168FF90AF0207753CCCD9656462A212B859723B	083A84592F77F2E7951BF887CEDEC966	good	-	-	1521450818.000000	1522052918.000000
1521912004.257884	FbOAbi2dHLHRTFVsXc	sha1	CF26F518FAC97E8F8CB342E01C2F6A109E8E5F0A	5168FF90AF0207753CCCD9656462A212B859723B	083A84592F77F2E7951BF887CEDEC966	good	-	-	1521450818.000000	1522052918.000000
1521912009.172260	FwuHDM31EQ0VeD4Doa	sha1	33F5AAC61D66E7055D03173A4D1F3E187138850D	59A4660652A07B95923CA394072796745BF93DD0	03CF1FF6C1CE439027C052B627D60C5B	good	-	-	1521680126.000000	1522282226.000000
1521912015.658251	F4ZCp34NEHkGxON0gk	sha1	7EE66AE7729AB3FCF8A220646C16A12D6071085D	A84A6A63047DDDBAE6D139B7A64565EFF3A8ECA1	031470260B47E00AD9F21FC2EF1677AE990C	good	-	-	1521864000.000000	1522468800.000000
1521912015.660278	FlBJax3NUyjs6WmFd8	sha1	7EE66AE7729AB3FCF8A220646C16A12D6071085D	A84A6A63047DDDBAE6D139B7A64565EFF3A8ECA1	031470260B47E00AD9F21FC2EF1677AE990C	good	-	-	1521864000.000000	1522468800.000000
1521912028.197796	FTVgzaOhKRcCvnUPi	sha1	D1B1648B8C9F0DD16BA38ACD2B5017D5F9CFC064	5F60CF619055DF8443148A602AB2F57AF44318EF	109E2DD550516D4E3AC29CC044CCC5E3	good	-	-	1521639788.000000	1522244588.000000
1521912028.198176	FOM3Vr1zZ5L3yAxi7e	sha1	D1B1648B8C9F0DD16BA38ACD2B5017D5F9CFC064	5F60CF619055DF8443148A602AB2F57AF44318EF	109E2DD550516D4E3AC29CC044CCC5E3	good	-	-	1521639788.000000	1522244588.000000
1521912029.653112	FnrzGBvL5jyBz8Kph	sha1	7EE66AE7729AB3FCF8A220646C16A12D6071085D	A84A6A63047DDDBAE6D139B7A64565EFF3A8ECA1	04AF12748E2EADB5025A9DA25E4480210F2C	good	-	-	1521860400.000000	1522465200.000000
1521912031.836945	F81phv3mzkwIkQTg4e	sha1	7EE66AE7729AB3FCF8A220646C16A12D6071085D	A84A6A63047DDDBAE6D139B7A64565EFF3A8ECA1	03A7A7643EC4D7CF1AFF163C9D3B19147049	good	-	-	1521860400.000000	1522465200.000000
1521912031.865109	FAkGTt4RCNMM7x2BMl	sha1	CF26F518FAC97E8F8CB342E01C2F6A109E8E5F0A	5168FF90AF0207753CCCD9656462A212B859723B	0AAD00F9B5C37AF9BA636F3E3DC3EA76	good	-	-	1521800585.000000	1522402685.000000
1521912032.200136	Fsa4FBSDOdG22U4Ni	sha1	7EE66AE7729AB3FCF8A220646C16A12D6071085D	A84A6A63047DDDBAE6D139B7A64565EFF3A8ECA1	03A7A7643EC4D7CF1AFF163C9D3B19147049	good	-	-	1521860400.000000	1522465200.000000
1521912033.870914	FnUJ0l2Vvp5czZqULe	sha1	CF26F518FAC97E8F8CB342E01C2F6A109E8E5F0A	5168FF90AF0207753CCCD9656462A212B859723B	084F9A2417AC05DFEDBEB764C9047506	good	-	-	1521882832.000000	1522484932.000000
1521912033.980779	FXCP1I3BBk3ZmVtwT8	sha1	CF26F518FAC97E8F8CB342E01C2F6A109E8E5F0A	5168FF90AF0207753CCCD9656462A212B859723B	05433CC4DBAD1ECE47AF019A532DA77B	good	-	-	1521813713.000000	1522415813.000000
1521912033.981480	FPcca545RTix864uSj	sha1	CF26F518FAC97E8F8CB342E01C2F6A109E8E5F0A	5168FF90AF0207753CCCD9656462A212B859723B	05433CC4DBAD1ECE47AF019A532DA77B	good	-	-	1521813713.000000	1522415813.000000
1521912034.132807	FPmkXj2pTGxTjR1iO9	sha1	CF26F518FAC97E8F8CB342E01C2F6A109E8E5F0A	5168FF90AF0207753CCCD9656462A212B859723B	0B59DE6B3BE5DE37F7864497B03DFED8	good	-	-	1521879967.000000	1522482067.000000
1521912034.138018	F3HAU02kIqvEQmStR9	sha1	CF26F518FAC97E8F8CB342E01C2F6A109E8E5F0A	5168FF90AF0207753CCCD9656462A212B859723B	0B59DE6B3BE5DE37F7864497B03DFED8	good	-	-	1521879967.000000	1522482067.000000
1521912034.139948	FtAURRTkKy7lsqpl8	sha1	CF26F518FAC97E8F8CB342E01C2F6A109E8E5F0A	5168FF90AF0207753CCCD9656462A212B859723B	0B59DE6B3BE5DE37F7864497B03DFED8	good	-	-	1521879967.000000	1522482067.000000
1521912034.139957	FmM4pO3TWCpcMmcN4i	sha1	CF26F518FAC97E8F8CB342E01C2F6A109E8E5F0A	5168FF90AF0207753CCCD9656462A212B859723B	0B59DE6B3BE5DE37F7864497B03DFED8	good	-	-	1521879967.000000	1522482067.000000
1521912034.140051	Fhocgd1i1AOcyjKQHh	sha1	CF26F518FAC97E8F8CB342E01C2F6A109E8E5F0A	5168FF90AF0207753CCCD9656462A212B859723B	0B59DE6B3BE5DE37F7864497B03DFED8	good	-	-	1521879967.000000	1522482067.000000
1521912034.140944	FcoFDC2MG2NWLK9It7	sha1	CF26F518FAC97E8F8CB342E01C2F6A109E8E5F0A	5168FF90AF0207753CCCD9656462A212B859723B	0B59DE6B3BE5DE37F7864497B03DFED8	good	-	-	1521879967.000000	1522482067.000000
1521912034.142377	Fh3Z7x3SU7SSYLNEB3	sha1	CF26F518FAC97E8F8CB342E01C2F6A109E8E5F0A	5168FF90AF0207753CCCD9656462A212B859723B	0B59DE6B3BE5DE37F7864497B03DFED8	good	-	-	1521879967.000000	1522482067.000000
1521912034.160655	FT5mVzJQX4TY5cqO3	sha1	CF26F518FAC97E8F8CB342E01C2F6A109E8E5F0A	5168FF90AF0207753CCCD9656462A212B859723B	0B59DE6B3BE5DE37F7864497B03DFED8	good	-	-	1521879967.000000	1522482067.000000
1521912034.161382	FGZTbu17JDZVt4plgb	sha1	CF26F518FAC97E8F8CB342E01C2F6A109E8E5F0A	5168FF90AF0207753CCCD9656462A212B859723B	0B59DE6B3BE5DE37F7864497B03DFED8	good	-	-	1521879967.000000	1522482067.000000
1521912034.165021	FrDptX0pGJO9f6cU2	sha1	CF26F518FAC97E8F8CB342E01C2F6A109E8E5F0A	5168FF90AF0207753CCCD9656462A212B859723B	0B59DE6B3BE5DE37F7864497B03DFED8	good	-	-	1521879967.000000	1522482067.000000
1521912034.202479	FEHU9p2Tdv4B6Aq5pl	sha1	CF26F518FAC97E8F8CB342E01C2F6A109E8E5F0A	5168FF90AF0207753CCCD9656462A212B859723B	0384E7E2F06AEFC2F64BEBA8CEBD65E7	good	-	-	1521809683.000000	1522411783.000000
1521912035.142067	Fj0XE93XmOFy74upb1	sha1	CF26F518FAC97E8F8CB342E01C2F6A109E8E5F0A	5168FF90AF0207753CCCD9656462A212B859723B	05AE4FD2B288E25C6DE6B4E415B03D4C	good	-	-	1521900187.000000	1522502287.000000
1521912035.727950	F9Fvcv4tEb5iYMxipk	sha1	84D56BF8098BD307B766D8E1EBAD6596AA6B6761	F5CDD53C0850F96A4F3AB797DA5683E669D268F7	26FB6665500C555B0482E4A6	good	-	-	1521908038.000000	1522253638.000000
1521912035.790158	FGUlSyFYHm0ggm1k9	sha1	B6080D5F6C6B76EB13E438A5F8660BA85233344E	40C2BD278ECC348330A233D7FB6CB3F0B42C80CE	84914FBDB16CC3B7	good	-	-	1521844237.000000	1521973837.000000
1521912037.219056	FAsJGe2FFtBYxh1BD	sha1	F4317077AEF7881259DD9E5D23F2FE267766D046	39DAFFCA28148AA8741308B9E40EA9D2FA7E9D69	E0D1779884DA2BDF4A07E40EFB125061	good	-	-	1521757425.000000	1522362225.000000
1521912037.291040	FjYlkL1yDtqK5SYyd5	sha1	7CB166549CABDB44EE622616ADF4657BF77AD594	ADBD987A34B426F7FAC42654EF03BDE024CB541A	2766EE56EB49F38EABD770A2FC84DE22	good	-	-	1521846142.000000	1522450942.000000
1521912037.564215	FXiol11cbqSUlXv7v9	sha1	5E021B686C5CD3BE1691995789DFC41472163D03	BBAF7E023DFAA6F13C848EADEE3898ECD93232D4	06A74380D4EBFED435B5A3F7E16ABDD8	good	-	-	1521846142.000000	1522450942.000000
1521912037.953761	FtU82B1dKhnFlDSRy8	sha1	F4317077AEF7881259DD9E5D23F2FE267766D046	39DAFFCA28148AA8741308B9E40EA9D2FA7E9D69	E0D1779884DA2BDF4A07E40EFB125061	good	-	-	1521455028.000000	1522059828.000000
1521912037.980916	FbkraSoeuwnwNecte	sha1	7EE66AE7729AB3FCF8A220646C16A12D6071085D	A84A6A63047DDDBAE6D139B7A64565EFF3A8ECA1	030BAF0FF2803B572AAD9C7CB1BC6AFD3EE6	good	-	-	1521770400.000000	1522375200.000000
1521912038.900010	F0d82S31LVsSuDqRr5	sha1	105FA67A80089DB5279F35CE830B43889EA3C70D	0F80611C823161D52F28E78D4638B42CE1C6D9E2	0ABFDFA0D326FF061BC7ADFA62091075	good	-	-	1521454993.000000	1522057093.000000
1521912039.222107	FV9BAw13SE7HIeLD5j	sha1	105FA67A80089DB5279F35CE830B43889EA3C70D	0F80611C823161D52F28E78D4638B42CE1C6D9E2	0ABFDFA0D326FF061BC7ADFA62091075	good	-	-	1521454993.000000	1522057093.000000
1521912039.357304	FNN01c5ecDRSI8fGi	sha1	7AE13EE8A0C42A2CB428CBE7A605461940E2A1E9	90AF6A3A945A0BD890EA125673DF43B43A28DAE7	1C4974230DE0A32E29307B115B3970C6	good	-	-	1521871016.000000	1522475816.000000
1521912039.406556	F7KEh02PAduEnNIzae	sha1	CEA633847FA2C6D73E768EA031C03953C6868E0A	40096167F0BC83714FDE12082C6FD4D42B763D96	EBB96E2A8D5A8BBC2645198CE6B4EB6D	good	-	-	1521733364.000000	1522338164.000000
1521912039.406632	F1Hzt71gZdM8GJrnN	sha1	CEA633847FA2C6D73E768EA031C03953C6868E0A	40096167F0BC83714FDE12082C6FD4D42B763D96	EBB96E2A8D5A8BBC2645198CE6B4EB6D	good	-	-	1521733364.000000	1522338164.000000
1521912040.582661	FvJo6H1hPmdJVbVGRc	sha1	12EADF46CC0880387360B65A691601CC0CB5E9E2	A92B87E1CE24473B1BBFCF853702559D0D9458E6	235BB76AB086AFD8F1E58278	good	-	-	1521694245.000000	1522039845.000000
1521912046.581509	Fia5A53CL4nNLWibp1	sha1	49F4BD8A18BF760698C5DE402D683B716AE4E686	3DD350A5D6A0ADEEF34A600A65D321D4F8F8D60F	0AD9B00801718556792CD5C6FC12421D	good	-	-	1521887025.000000	1522489125.000000
1521912052.521139	FMI9vm2VFuTERZgNv1	sha1	F6EDB0636232819A35F68D75A09D024A11AA6CAD	77C2B8509A677676B12DC286D083A07EA67EBA4B	7AEE77D0AA874D3A	good	-	-	1521899624.000000	1522504424.000000
1521912060.641427	FpYoniMgRikR16P6	sha1	B6080D5F6C6B76EB13E438A5F8660BA85233344E	40C2BD278ECC348330A233D7FB6CB3F0B42C80CE	01FBBD00172D9F64	good	-	-	1521907692.000000	1522037292.000000
1521912060.772057	FcsbLe3chi9FHue8T6	sha1	B6080D5F6C6B76EB13E438A5F8660BA85233344E	40C2BD278ECC348330A233D7FB6CB3F0B42C80CE	A80B9B37F7C73200	good	-	-	1521904864.000000	1522034464.000000
1521912060.797122	FhU9LMnXHiGehRV3	sha1	B6080D5F6C6B76EB13E438A5F8660BA85233344E	40C2BD278ECC348330A233D7FB6CB3F0B42C80CE	61902ACA1F159D5D	good	-	-	1521906637.000000	1522036237.000000
1521912060.797133	Fm4mxX3t7BTlxq7iil	sha1	B6080D5F6C6B76EB13E438A5F8660BA85233344E	40C2BD278ECC348330A233D7FB6CB3F0B42C80CE	A80B9B37F7C73200	good	-	-	1521904864.000000	1522034464.000000
1521912060.797525	FF2tk64JjOgM1f5Wlc	sha1	B6080D5F6C6B76EB13E438A5F8660BA85233344E	40C2BD278ECC348330A233D7FB6CB3F0B42C80CE	A80B9B37F7C73200	good	-	-	1521904864.000000	1522034464.000000
1521912060.797619	FCBuIz3aenRy3XLBI	sha1	B6080D5F6C6B76EB13E438A5F8660BA85233344E	40C2BD278ECC348330A233D7FB6CB3F0B42C80CE	61902ACA1F159D5D	good	-	-	1521906637.000000	1522036237.000000
1521912061.017092	F9OLsq4N3hczF4wY6b	sha1	B6080D5F6C6B76EB13E438A5F8660BA85233344E	40C2BD278ECC348330A233D7FB6CB3F0B42C80CE	01FBBD00172D9F64	good	-	-	1521907692.000000	1522037292.000000
1521912061.022596	F2WpiG0cL0ilABxc3	sha1	B6080D5F6C6B76EB13E438A5F8660BA85233344E	40C2BD278ECC348330A233D7FB6CB3F0B42C80CE	61902ACA1F159D5D	good	-	-	1521906637.000000	1522036237.000000
1521912068.772612	F0jFpC2vVIWZwFqBE2	sha1	49F4BD8A18BF760698C5DE402D683B716AE4E686	3DD350A5D6A0ADEEF34A600A65D321D4F8F8D60F	038978C7D6C06C01C6CC5F228F65A5D2	good	-	-	1521572076.000000	1522174176.000000
1521912070.190808	F0XZSg2tgsbfsOyPxk	sha1	12EADF46CC0880387360B65A691601CC0CB5E9E2	A92B87E1CE24473B1BBFCF853702559D0D9458E6	1EE35CC34B8A09338B624BE2	good	-	-	1521684579.000000	1522030179.000000
1521912070.259872	FYkvjT1QVK7KR1esH4	sha1	B6080D5F6C6B76EB13E438A5F8660BA85233344E	40C2BD278ECC348330A233D7FB6CB3F0B42C80CE	A80B9B37F7C73200	good	-	-	1521904864.000000	1522034464.000000
1521912070.827714	FzZ6Rat0PrkKQRSNc	sha1	CF26F518FAC97E8F8CB342E01C2F6A109E8E5F0A	5168FF90AF0207753CCCD9656462A212B859723B	0AAD00F9B5C37AF9BA636F3E3DC3EA76	good	-	-	1521822186.000000	1522424286.000000
1521912076.640588	FFysEM1xQen6Y7KeYb	sha1	105FA67A80089DB5279F35CE830B43889EA3C70D	0F80611C823161D52F28E78D4638B42CE1C6D9E2	0CA9C64361BFC92A79B1DD9CFB9E48EC	good	-	-	1521891067.000000	1522493167.000000
1521912076.641572	FFZcSS11nQTw2cNGM6	sha1	105FA67A80089DB5279F35CE830B43889EA3C70D	0F80611C823161D52F28E78D4638B42CE1C6D9E2	0CA9C64361BFC92A79B1DD9CFB9E48EC	good	-	-	1521891067.000000	1522493167.000000
1521912076.642767	Fp2qj74RYQFqUTgqN3	sha1	105FA67A80089DB5279F35CE830B43889EA3C70D	0F80611C823161D52F28E78D4638B42CE1C6D9E2	0CA9C64361BFC92A79B1DD9CFB9E48EC	good	-	-	1521891067.000000	1522493167.000000
1521912076.921640	Fa9Y963MgqbttIpUih	sha1	105FA67A80089DB5279F35CE830B43889EA3C70D	0F80611C823161D52F28E78D4638B42CE1C6D9E2	0CA9C64361BFC92A79B1DD9CFB9E48EC	good	-	-	1521891067.000000	1522493167.000000
1521912078.137139	FSIKBb4rVZP7cr3Mh5	sha1	12EADF46CC0880387360B65A691601CC0CB5E9E2	A92B87E1CE24473B1BBFCF853702559D0D9458E6	30C6AAAF40F2D8BA55153F88	good	-	-	1521894360.000000	1522239960.000000
1521912078.685362	Fsvjzr2lRF0Ph9eUFl	sha1	12EADF46CC0880387360B65A691601CC0CB5E9E2	A92B87E1CE24473B1BBFCF853702559D0D9458E6	210879A6D38EDF7AA38F47F7	good	-	-	1521906475.000000	1522252075.000000
1521912078.881621	FaC8W910g3FNK1FoCf	sha1	12EADF46CC0880387360B65A691601CC0CB5E9E2	A92B87E1CE24473B1BBFCF853702559D0D9458E6	210879A6D38EDF7AA38F47F7	good	-	-	1521906475.000000	1522252075.000000
1521912078.934034	FnlWj7RXFTV8wQRB	sha1	12EADF46CC0880387360B65A691601CC0CB5E9E2	A92B87E1CE24473B1BBFCF853702559D0D9458E6	762CA49C0F2708C53B105B94	good	-	-	1521898676.000000	1522244276.000000
1521912079.381811	FbrcgF38bkX4HDeukc	sha1	12EADF46CC0880387360B65A691601CC0CB5E9E2	A92B87E1CE24473B1BBFCF853702559D0D9458E6	210879A6D38EDF7AA38F47F7	good	-	-	1521906475.000000	1522252075.000000
1521912080.650391	FvRR362oBtMM2FiVve	sha1	12EADF46CC0880387360B65A691601CC0CB5E9E2	A92B87E1CE24473B1BBFCF853702559D0D9458E6	210879A6D38EDF7AA38F47F7	good	-	-	1521906475.000000	1522252075.000000
1521912080.781421	FhJnVG4DFfznusyxe	sha1	12EADF46CC0880387360B65A691601CC0CB5E9E2	A92B87E1CE24473B1BBFCF853702559D0D9458E6	6D2776F639A7B4A96EE091B2	good	-	-	1521893213.000000	1522238813.000000
1521912081.147040	FUZum91GB22v9RsPS4	sha1	33F5AAC61D66E7055D03173A4D1F3E187138850D	59A4660652A07B95923CA394072796745BF93DD0	06D6D3A9FE0AF83648F9888B5FFB28B8	good	-	-	1521889674.000000	1522491774.000000
1521912081.238091	F6M2Ny2Hudj3sEwo9a	sha1	12EADF46CC0880387360B65A691601CC0CB5E9E2	A92B87E1CE24473B1BBFCF853702559D0D9458E6	76DA5993992DCAD802775EE5	good	-	-	1521895249.000000	1522240849.000000
1521912081.541876	FptQqQ1IHsvWNNOwD9	sha1	12EADF46CC0880387360B65A691601CC0CB5E9E2	A92B87E1CE24473B1BBFCF853702559D0D9458E6	210879A6D38EDF7AA38F47F7	good	-	-	1521906475.000000	1522252075.000000
1521912081.932274	F4oMWU2HJVx2ogHCwk	sha1	12EADF46CC0880387360B65A691601CC0CB5E9E2	A92B87E1CE24473B1BBFCF853702559D0D9458E6	210879A6D38EDF7AA38F47F7	good	-	-	1521906475.000000	1522252075.000000
1521912083.926518	FKEPX54RH6atzvupP1	sha1	33F5AAC61D66E7055D03173A4D1F3E187138850D	59A4660652A07B95923CA394072796745BF93DD0	0AFC95C404F88BC201823FB2CB6558BF	good	-	-	1521887051.000000	1522489151.000000
1521912084.597141	F7Xvw1s0sMP42ybg	sha1	69836D535691D9FCB786ABFB77E139C40A56F422	1E05A3778F6C96E25B874BA6B486AC71000CE738	D055DE4A763FBB720BDD0703CD447C8A	good	-	-	1521703333.000000	1522308133.000000
1521912084.804355	FbO5ta1cuUiJGHG1hi	sha1	7AE13EE8A0C42A2CB428CBE7A605461940E2A1E9	90AF6A3A945A0BD890EA125673DF43B43A28DAE7	E7758CF685EB4D70126C8CF43EDD9C54	good	-	-	1521837480.000000	1522442280.000000
1521912084.957884	FxTqkkfzbj75LaRo1	sha1	69836D535691D9FCB786ABFB77E139C40A56F422	1E05A3778F6C96E25B874BA6B486AC71000CE738	0C12BD664B28ED5B911465E759BE5D75	good	-	-	1521869250.000000	1522474050.000000
1521912085.505326	FUNATc2lzjfet2V3pk	sha1	69836D535691D9FCB786ABFB77E139C40A56F422	1E05A3778F6C96E25B874BA6B486AC71000CE738	EDB157DF2E01099C76B23E875012E14F	good	-	-	1521857815.000000	1522462615.000000
1521912092.299306	FmtzZl1oTAomJWEnY9	sha1	F6EDB0636232819A35F68D75A09D024A11AA6CAD	77C2B8509A677676B12DC286D083A07EA67EBA4B	7AEE77D0AA874D3A	good	-	-	1521899624.000000	1522504424.000000
1521912097.471512	FcgX4R3aKWoU7NNcla	sha1	105FA67A80089DB5279F35CE830B43889EA3C70D	0F80611C823161D52F28E78D4638B42CE1C6D9E2	0CA9C64361BFC92A79B1DD9CFB9E48EC	good	-	-	1521891067.000000	1522493167.000000
1521912097.476985	FDeXY81Owi5rS4Rds2	sha1	105FA67A80089DB5279F35CE830B43889EA3C70D	0F80611C823161D52F28E78D4638B42CE1C6D9E2	0CA9C64361BFC92A79B1DD9CFB9E48EC	good	-	-	1521891067.000000	1522493167.000000
1521912098.400233	FjYDIO2u58Z2vXU2i2	sha1	105FA67A80089DB5279F35CE830B43889EA3C70D	0F80611C823161D52F28E78D4638B42CE1C6D9E2	0CA9C64361BFC92A79B1DD9CFB9E48EC	good	-	-	1521891067.000000	1522493167.000000
1521912105.061807	FrRjvn4GCwl3d14eaj	sha1	CF26F518FAC97E8F8CB342E01C2F6A109E8E5F0A	5168FF90AF0207753CCCD9656462A212B859723B	083A84592F77F2E7951BF887CEDEC966	good	-	-	1521450818.000000	1522052918.000000
1521912115.056039	FYRCys4OTBvhaaresl	sha1	49F4BD8A18BF760698C5DE402D683B716AE4E686	3DD350A5D6A0ADEEF34A600A65D321D4F8F8D60F	0AD9B00801718556792CD5C6FC12421D	good	-	-	1521887025.000000	1522489125.000000
1521912115.805691	Fha11EDUi4BwexDF7	sha1	49F4BD8A18BF760698C5DE402D683B716AE4E686	3DD350A5D6A0ADEEF34A600A65D321D4F8F8D60F	0AD9B00801718556792CD5C6FC12421D	good	-	-	1521887025.000000	1522489125.000000
1521912116.867099	FFP59r1T0ZeHskGhN1	sha1	49F4BD8A18BF760698C5DE402D683B716AE4E686	3DD350A5D6A0ADEEF34A600A65D321D4F8F8D60F	0AD9B00801718556792CD5C6FC12421D	good	-	-	1521887025.000000	1522489125.000000
1521912116.867575	FBtXpU3nk7BTXkepr7	sha1	49F4BD8A18BF760698C5DE402D683B716AE4E686	3DD350A5D6A0ADEEF34A600A65D321D4F8F8D60F	0AD9B00801718556792CD5C6FC12421D	good	-	-	1521887025.000000	1522489125.000000
1521912116.914259	FZ3zEe34FoYwKKotb6	sha1	49F4BD8A18BF760698C5DE402D683B716AE4E686	3DD350A5D6A0ADEEF34A600A65D321D4F8F8D60F	0AD9B00801718556792CD5C6FC12421D	good	-	-	1521887025.000000	1522489125.000000
1521912116.960732	FORzM4VCTPxQE8mQ9	sha1	49F4BD8A18BF760698C5DE402D683B716AE4E686	3DD350A5D6A0ADEEF34A600A65D321D4F8F8D60F	0AD9B00801718556792CD5C6FC12421D	good	-	-	1521887025.000000	1522489125.000000
1521912117.388541	FMvLQP27AQoKohGJMe	sha1	2985FC613DBE2FB0120F5E420E4C9EC3D59EFD7C	08FE259F74EA8704C2BCBB8EA8385F33C6D16C65	2D0001E8A309C019A913DB800C00000001E8A3	good	-	-	1521894043.000000	1522239643.000000
1521912117.389068	FaHOlg4s0wLmjDNtx5	sha1	2985FC613DBE2FB0120F5E420E4C9EC3D59EFD7C	08FE259F74EA8704C2BCBB8EA8385F33C6D16C65	2D0001E8A309C019A913DB800C00000001E8A3	good	-	-	1521881229.000000	1522226829.000000
1521912117.497551	FUkdh83Q1BR3SCVWQ1	sha1	881A4A74FEFF4652F354BB510FD3A4EEEFE0A1C8	919E3B446C3D579C42772A34D74FD1CC4A972CDA	20000206EAEF5A876E732C2D520000000206EA	good	-	-	1521583918.000000	1521929518.000000
1521912117.499033	FiGPU51xhUyRjGcCs3	sha1	881A4A74FEFF4652F354BB510FD3A4EEEFE0A1C8	919E3B446C3D579C42772A34D74FD1CC4A972CDA	20000206EAEF5A876E732C2D520000000206EA	good	-	-	1521583918.000000	1521929518.000000
1521912117.587882	FrvEoQSiYsdUc9O43	sha1	2985FC613DBE2FB0120F5E420E4C9EC3D59EFD7C	08FE259F74EA8704C2BCBB8EA8385F33C6D16C65	2D0001F35422B3307EEC9502B500000001F354	good	-	-	1521784816.000000	1522130416.000000
1521912117.594420	FHc2O22ytjLYMdCchd	sha1	2985FC613DBE2FB0120F5E420E4C9EC3D59EFD7C	08FE259F74EA8704C2BCBB8EA8385F33C6D16C65	2D0001F35422B3307EEC9502B500000001F354	good	-	-	1521718670.000000	1522064270.000000
1521912117.966349	FYTcsB4bT3heTKA428	sha1	4F0B5BD9B7DAAF9FB6F363722276D6E195AE2629	58889FD6DC9C4822B7143EFF8488E8E685FFFA7D	7B0000229E5AE8F70B24874F5200000000229E	good	-	-	1521723635.000000	1522069235.000000
1521912117.966896	FQj1gG1zkHAU1rFV8f	sha1	4F0B5BD9B7DAAF9FB6F363722276D6E195AE2629	58889FD6DC9C4822B7143EFF8488E8E685FFFA7D	7B0000229E5AE8F70B24874F5200000000229E	good	-	-	1521723635.000000	1522069235.000000
1521912118.059001	FgUISw2U0he0VUAql7	sha1	881A4A74FEFF4652F354BB510FD3A4EEEFE0A1C8	919E3B446C3D579C42772A34D74FD1CC4A972CDA	200002287CDC13C03ED292A74300000002287C	good	-	-	1521834885.000000	1522180485.000000
1521912118.059305	FS9B2glUHVMpiXyP6	sha1	881A4A74FEFF4652F354BB510FD3A4EEEFE0A1C8	919E3B446C3D579C42772A34D74FD1CC4A972CDA	200002287CDC13C03ED292A74300000002287C	good	-	-	1521834885.000000	1522180485.000000
1521912118.249426	FvpWE9YhxZIxOMs4b	sha1	2985FC613DBE2FB0120F5E420E4C9EC3D59EFD7C	08FE259F74EA8704C2BCBB8EA8385F33C6D16C65	2D0001F35422B3307EEC9502B500000001F354	good	-	-	1521784816.000000	1522130416.000000
1521912118.254335	FAR8qr4l36D9qTNBD8	sha1	2985FC613DBE2FB0120F5E420E4C9EC3D59EFD7C	08FE259F74EA8704C2BCBB8EA8385F33C6D16C65	2D0001F35422B3307EEC9502B500000001F354	good	-	-	1521784816.000000	1522130416.000000
1521912124.819654	FRl419YT7jBkUxudd	sha1	30178A6BC3D4BB9826C21070FFCA5EA758F91CCC	7B5B45CFAFCECB7AFD31921A6AB6F346EB574850	5D72FB337620F64C7280DBE91281FF6A	good	-	-	1521852382.000000	1522457182.000000
1521912124.904834	FTx8SP2P0XYURivk2	sha1	F4317077AEF7881259DD9E5D23F2FE267766D046	39DAFFCA28148AA8741308B9E40EA9D2FA7E9D69	6C391C9482FE6041951780875F0CC3D8	good	-	-	1521875497.000000	1522480297.000000
1521912124.957034	FIQstx42eSosBN0FCk	sha1	B9E9B287028503F8ECA5FB42E13E0F49C72426E2	7FD365A7C2DDECBBF03009F34339FA02AF333133	7EE14A6F6FEFF2D37F3FAD654D3ADAB4	good	-	-	1521890177.000000	1522494977.000000
1521912134.734594	F4q9Ui8hZDlOc5Qzc	sha1	CEA633847FA2C6D73E768EA031C03953C6868E0A	40096167F0BC83714FDE12082C6FD4D42B763D96	67F3B3055A9852ED4AA48CAD7266B2F5	good	-	-	1521595969.000000	1522200769.000000
1521912135.376011	FYEeSA9OJiDCKKb98	sha1	CEA633847FA2C6D73E768EA031C03953C6868E0A	40096167F0BC83714FDE12082C6FD4D42B763D96	549BBCE65663F4CFBE003E9DA7957F57	good	-	-	1521658815.000000	1522263615.000000
1521912135.399349	Frizvv3TNnBWOGy2R8	sha1	CEA633847FA2C6D73E768EA031C03953C6868E0A	40096167F0BC83714FDE12082C6FD4D42B763D96	549BBCE65663F4CFBE003E9DA7957F57	good	-	-	1521658815.000000	1522263615.000000
1521912141.229447	Fn8KC849PvyyQNQEu9	sha1	2985FC613DBE2FB0120F5E420E4C9EC3D59EFD7C	08FE259F74EA8704C2BCBB8EA8385F33C6D16C65	2D0001E8A309C019A913DB800C00000001E8A3	good	-	-	1521894043.000000	1522239643.000000
1521912141.229689	FuK3EMwzitzX5HVzg	sha1	2985FC613DBE2FB0120F5E420E4C9EC3D59EFD7C	08FE259F74EA8704C2BCBB8EA8385F33C6D16C65	2D0001E8A309C019A913DB800C00000001E8A3	good	-	-	1521881229.000000	1522226829.000000
1521912141.253244	FezG6Q2pN0Se3V6Fsi	sha1	881A4A74FEFF4652F354BB510FD3A4EEEFE0A1C8	919E3B446C3D579C42772A34D74FD1CC4A972CDA	2000020D99F99D6C5481F164BF000000020D99	good	-	-	1521657878.000000	1522003478.000000
1521912141.253392	FcDcpv5lCLUpf03M5	sha1	881A4A74FEFF4652F354BB510FD3A4EEEFE0A1C8	919E3B446C3D579C42772A34D74FD1CC4A972CDA	2000020D99F99D6C5481F164BF000000020D99	good	-	-	1521657878.000000	1522003478.000000
1521912141.278351	FXemXR3ojLBDvx30v9	sha1	7D14CA1E3E08269E1A333D0E0E6FF31361215EEA	25F08AE14B7AD901950AEDC653F18C781FD9F3F8	0F683F2DFAC9EDF014148CA649DB4BAD	good	-	-	1521346550.000000	1521951350.000000
1521912141.279152	FmcecQ3eE0vArDUWPb	sha1	7D14CA1E3E08269E1A333D0E0E6FF31361215EEA	25F08AE14B7AD901950AEDC653F18C781FD9F3F8	0F683F2DFAC9EDF014148CA649DB4BAD	good	-	-	1521346550.000000	1521951350.000000
1521912141.284485	FqmrJi3ANax3TzwBs	sha1	2985FC613DBE2FB0120F5E420E4C9EC3D59EFD7C	08FE259F74EA8704C2BCBB8EA8385F33C6D16C65	2D0001E9A27AC87C2EC2109EF400000001E9A2	good	-	-	1521641939.000000	1521987539.000000
1521912141.981178	FAFwwW1GM2CyB3OJP7	sha1	CF26F518FAC97E8F8CB342E01C2F6A109E8E5F0A	5168FF90AF0207753CCCD9656462A212B859723B	0E11BBD70D54B710D0C6F540B6B52CA4	good	-	-	1521560232.000000	1522162332.000000
1521912142.223027	Fh34lQ1iooZZDBXJm1	sha1	B6080D5F6C6B76EB13E438A5F8660BA85233344E	40C2BD278ECC348330A233D7FB6CB3F0B42C80CE	A80B9B37F7C73200	good	-	-	1521904864.000000	1522034464.000000
1521912144.876720	FK7k054NmnconrK9Yk	sha1	CF26F518FAC97E8F8CB342E01C2F6A109E8E5F0A	5168FF90AF0207753CCCD9656462A212B859723B	0E11BBD70D54B710D0C6F540B6B52CA4	good	-	-	1521560232.000000	1522162332.000000
1521912157.187015	FCBaxi2g9zDlpyESli	sha1	CD30D24C343A82AB1F0570158AD7A107762992E9	5379BF5AAA2B4ACF5480E1D89BC09DF2B20366CB	05E4DC3B9438AB3B8597CBA6A19850E3	good	-	-	1521846142.000000	1522450942.000000
1521912157.256452	FUp0ht2FIGcTZ0AMmj	sha1	CD30D24C343A82AB1F0570158AD7A107762992E9	5379BF5AAA2B4ACF5480E1D89BC09DF2B20366CB	05E4DC3B9438AB3B8597CBA6A19850E3	good	-	-	1521846142.000000	1522450942.000000
1521912157.376430	F56uag3qHmlrii9tZ	sha1	A5E2344EF5763A9CE2F31E9B9807B0075727A5F9	B390A7D8C9AF4ECD613C9F7CAD5D7F41FD6930EA	F8F4C0843EED351272246A8B0EF69DD5	good	-	-	1521780902.000000	1522385702.000000
1521912157.445596	FAqsKc24trMvzoXUx8	sha1	A5E2344EF5763A9CE2F31E9B9807B0075727A5F9	B390A7D8C9AF4ECD613C9F7CAD5D7F41FD6930EA	F8F4C0843EED351272246A8B0EF69DD5	good	-	-	1521780902.000000	1522385702.000000
1521912162.341921	F9tUXt30fucpkcqTJ9	sha1	CD30D24C343A82AB1F0570158AD7A107762992E9	5379BF5AAA2B4ACF5480E1D89BC09DF2B20366CB	05E4DC3B9438AB3B8597CBA6A19850E3	good	-	-	1521846142.000000	1522450942.000000
1521912162.410353	Fi63bA1h4Tc1cqFRAk	sha1	CD30D24C343A82AB1F0570158AD7A107762992E9	5379BF5AAA2B4ACF5480E1D89BC09DF2B20366CB	05E4DC3B9438AB3B8597CBA6A19850E3	good	-	-	1521846142.000000	1522450942.000000
1521912162.516617	FZvA2B49ta5ESV9LPf	sha1	A5E2344EF5763A9CE2F31E9B9807B0075727A5F9	B390A7D8C9AF4ECD613C9F7CAD5D7F41FD6930EA	F8F4C0843EED351272246A8B0EF69DD5	good	-	-	1521780902.000000	1522385702.000000
1521912162.584284	FQ647j478fDVKpy1F4	sha1	A5E2344EF5763A9CE2F31E9B9807B0075727A5F9	B390A7D8C9AF4ECD613C9F7CAD5D7F41FD6930EA	F8F4C0843EED351272246A8B0EF69DD5	good	-	-	1521780902.000000	1522385702.000000
1521912171.205716	FrPboxXT4PDnR2GTg	sha1	A5E2344EF5763A9CE2F31E9B9807B0075727A5F9	B390A7D8C9AF4ECD613C9F7CAD5D7F41FD6930EA	689A4212DEDBD59F902F07F39ABF2CC3	good	-	-	1521643636.000000	1522248436.000000
1521912171.274419	FDa4HDy2SPxcOWY08	sha1	A5E2344EF5763A9CE2F31E9B9807B0075727A5F9	B390A7D8C9AF4ECD613C9F7CAD5D7F41FD6930EA	689A4212DEDBD59F902F07F39ABF2CC3	good	-	-	1521643636.000000	1522248436.000000
1521912172.341207	FXvQfo3mzEHrzVetKl	sha1	69836D535691D9FCB786ABFB77E139C40A56F422	1E05A3778F6C96E25B874BA6B486AC71000CE738	2BB95E6E36E7836FED17C0AAACFA5124	good	-	-	1521665170.000000	1522269970.000000
1521912172.345347	FwQm6Q1gmcEYuyYki3	sha1	69836D535691D9FCB786ABFB77E139C40A56F422	1E05A3778F6C96E25B874BA6B486AC71000CE738	CF450455653BF764C2B0C55532041278	good	-	-	1521822309.000000	1522427109.000000
1521912172.795248	FQozvD2NOdoHdxPvie	sha1	84D56BF8098BD307B766D8E1EBAD6596AA6B6761	F5CDD53C0850F96A4F3AB797DA5683E669D268F7	26FB6665500C555B0482E4A6	good	-	-	1521908038.000000	1522253638.000000
1521912172.974306	FFsiY61IhnXmjDlVYa	sha1	F6EDB0636232819A35F68D75A09D024A11AA6CAD	77C2B8509A677676B12DC286D083A07EA67EBA4B	1EE9AEE0D7A2A5DC	good	-	-	1521898891.000000	1522503691.000000
1521912173.420634	FUcy5K1r0lnZXh0yod	sha1	CD30D24C343A82AB1F0570158AD7A107762992E9	5379BF5AAA2B4ACF5480E1D89BC09DF2B20366CB	05E4DC3B9438AB3B8597CBA6A19850E3	good	-	-	1521846142.000000	1522450942.000000
1521912173.489179	FneVYn3l99sA6EcZd1	sha1	CD30D24C343A82AB1F0570158AD7A107762992E9	5379BF5AAA2B4ACF5480E1D89BC09DF2B20366CB	05E4DC3B9438AB3B8597CBA6A19850E3	good	-	-	1521846142.000000	1522450942.000000
1521912177.119117	FNaH4x4EnzlM4fkyqb	sha1	CF26F518FAC97E8F8CB342E01C2F6A109E8E5F0A	5168FF90AF0207753CCCD9656462A212B859723B	083A84592F77F2E7951BF887CEDEC966	good	-	-	1521450818.000000	1522052918.000000
1521912177.120848	FmWiCEXZCTzIjwqoh	sha1	CF26F518FAC97E8F8CB342E01C2F6A109E8E5F0A	5168FF90AF0207753CCCD9656462A212B859723B	083A84592F77F2E7951BF887CEDEC966	good	-	-	1521450818.000000	1522052918.000000
1521912177.121341	FdSUrb17cKssWfhdud	sha1	CF26F518FAC97E8F8CB342E01C2F6A109E8E5F0A	5168FF90AF0207753CCCD9656462A212B859723B	083A84592F77F2E7951BF887CEDEC966	good	-	-	1521450818.000000	1522052918.000000
1521912177.222805	FFv6h04YeFwqZ67BFj	sha1	CEA633847FA2C6D73E768EA031C03953C6868E0A	40096167F0BC83714FDE12082C6FD4D42B763D96	9E837C947A4857B1DC7B50E2435861B5	good	-	-	1521540365.000000	1522145165.000000
1521912177.223518	FSxfvt15nE4mjnt6o5	sha1	CEA633847FA2C6D73E768EA031C03953C6868E0A	40096167F0BC83714FDE12082C6FD4D42B763D96	9E837C947A4857B1DC7B50E2435861B5	good	-	-	1521540365.000000	1522145165.000000
1521912177.223983	Fm8oQW2AGLX6rt1YP5	sha1	CEA633847FA2C6D73E768EA031C03953C6868E0A	40096167F0BC83714FDE12082C6FD4D42B763D96	9E837C947A4857B1DC7B50E2435861B5	good	-	-	1521540365.000000	1522145165.000000
1521912177.224685	FG4IsW25dl6nGeka37	sha1	CEA633847FA2C6D73E768EA031C03953C6868E0A	40096167F0BC83714FDE12082C6FD4D42B763D96	B02B32F9470FFF9303E4CBD4A15956B1	good	-	-	1521651453.000000	1522256253.000000
1521912177.226110	FKqGlcYwxndmYPuh6	sha1	33F5AAC61D66E7055D03173A4D1F3E187138850D	59A4660652A07B95923CA394072796745BF93DD0	0528E3FA1CFDD273EC82700FA25919C2	good	-	-	1521684085.000000	1522286185.000000
1521912177.461207	Fltjx51prSK1FwHVcc	sha1	CF26F518FAC97E8F8CB342E01C2F6A109E8E5F0A	5168FF90AF0207753CCCD9656462A212B859723B	083A84592F77F2E7951BF887CEDEC966	good	-	-	1521450818.000000	1522052918.000000
1521912177.469797	FLuRDf1OH2uFWEQPHl	sha1	CF26F518FAC97E8F8CB342E01C2F6A109E8E5F0A	5168FF90AF0207753CCCD9656462A212B859723B	083A84592F77F2E7951BF887CEDEC966	good	-	-	1521450818.000000	1522052918.000000
1521912180.254538	FAXP6d1LBRkXpwPJ2c	sha1	33F5AAC61D66E7055D03173A4D1F3E187138850D	59A4660652A07B95923CA394072796745BF93DD0	0689B1CCE59379AEB3C4054C226E82F9	good	-	-	1521781606.000000	1522383706.000000
1521912180.401187	FzwQjy444QA0mQ6jtj	sha1	33F5AAC61D66E7055D03173A4D1F3E187138850D	59A4660652A07B95923CA394072796745BF93DD0	0FF71DEE99B55357838C7803AD87B3DE	good	-	-	1521899057.000000	1522501157.000000
1521912180.455205	Fbcnlb2RLChbdgMJX8	sha1	7EE66AE7729AB3FCF8A220646C16A12D6071085D	A84A6A63047DDDBAE6D139B7A64565EFF3A8ECA1	032F34E4F79B680F9F7C0586589712C7972F	good	-	-	1521810000.000000	1522414800.000000
1521912180.465623	FSw5as1FL1j5Z57hKj	sha1	7EE66AE7729AB3FCF8A220646C16A12D6071085D	A84A6A63047DDDBAE6D139B7A64565EFF3A8ECA1	03D023D8C1B2156523A3BCEE97ED3017A231	good	-	-	1521691200.000000	1522296000.000000
1521912181.392476	FvBOy8UDRYG7zZ8ib	sha1	33F5AAC61D66E7055D03173A4D1F3E187138850D	59A4660652A07B95923CA394072796745BF93DD0	08042BD14DC01F9E0AED569E67AFDFCF	good	-	-	1521882780.000000	1522484880.000000
1521912181.392632	FlQACn15vBdUZyZrFe	sha1	33F5AAC61D66E7055D03173A4D1F3E187138850D	59A4660652A07B95923CA394072796745BF93DD0	08042BD14DC01F9E0AED569E67AFDFCF	good	-	-	1521882780.000000	1522484880.000000
1521912181.392949	Fg0FcA1oYibOij2Pkd	sha1	33F5AAC61D66E7055D03173A4D1F3E187138850D	59A4660652A07B95923CA394072796745BF93DD0	08042BD14DC01F9E0AED569E67AFDFCF	good	-	-	1521882780.000000	1522484880.000000
1521912181.394384	Flwq4e1fArFDZF9zNi	sha1	33F5AAC61D66E7055D03173A4D1F3E187138850D	59A4660652A07B95923CA394072796745BF93DD0	08042BD14DC01F9E0AED569E67AFDFCF	good	-	-	1521882780.000000	1522484880.000000
1521912181.394390	FldNZw3SEnndke2Urk	sha1	33F5AAC61D66E7055D03173A4D1F3E187138850D	59A4660652A07B95923CA394072796745BF93DD0	08042BD14DC01F9E0AED569E67AFDFCF	good	-	-	1521882780.000000	1522484880.000000
1521912181.545134	FRtMUs1ErDyRtMIta4	sha1	33F5AAC61D66E7055D03173A4D1F3E187138850D	59A4660652A07B95923CA394072796745BF93DD0	0BA375BE3CEF7F928F4A14AE45C75E2A	good	-	-	1521880030.000000	1522482130.000000
1521912181.597658	Fa9moY3SYbIq40IKj6	sha1	7EE66AE7729AB3FCF8A220646C16A12D6071085D	A84A6A63047DDDBAE6D139B7A64565EFF3A8ECA1	032F34E4F79B680F9F7C0586589712C7972F	good	-	-	1521810000.000000	1522414800.000000
1521912181.885550	FKsdNq4CoXoJOyPEAi	sha1	74241467069FF5E0983F5E3E1A6BA0652A541575	0159ABE7DD3A0B59A66463D6CF200757D591E76A	2C6AA43689CAAFFE0F46626E5C6F9D12	good	-	-	1521901257.000000	1522506057.000000
1521912181.894818	FtWOQU3DzWXtvzzj38	sha1	33F5AAC61D66E7055D03173A4D1F3E187138850D	59A4660652A07B95923CA394072796745BF93DD0	06FA78CE14DD89A52C28D5FA6B9C9A29	good	-	-	1521760085.000000	1522362185.000000
1521912182.042361	FyPjDV2v7CCwNySdW5	sha1	33F5AAC61D66E7055D03173A4D1F3E187138850D	59A4660652A07B95923CA394072796745BF93DD0	0C9A3A0D30EA14CD005189BBF5875499	good	-	-	1521826255.000000	1522428355.000000
1521912184.168904	F5V8zUzBK7uQ2pwIi	sha1	7EE66AE7729AB3FCF8A220646C16A12D6071085D	A84A6A63047DDDBAE6D139B7A64565EFF3A8ECA1	03478435DB6F2AF49B099CC8329BC8926AAE	good	-	-	1521694800.000000	1522299600.000000
1521912184.225087	FG49wU3MP8VDVh8zA9	sha1	7EE66AE7729AB3FCF8A220646C16A12D6071085D	A84A6A63047DDDBAE6D139B7A64565EFF3A8ECA1	032FEFD4ED6BAC335A9B5767F87303FB6A06	good	-	-	1521680400.000000	1522285200.000000
1521912184.226906	FGjeCB25aLPfBxw3o	sha1	7EE66AE7729AB3FCF8A220646C16A12D6071085D	A84A6A63047DDDBAE6D139B7A64565EFF3A8ECA1	0390A743FE5D32FF8E46C55BD6C162506353	good	-	-	1521738000.000000	1522342800.000000
1521912185.822836	FXuAgZ3UdADINxTon8	sha1	A87E303106E4E88565CFE952598FA6DA7C00532F	246E2B2DD06A925151256901AA9A47A689E74020	0295297988AA3A16DAF8B00CA8225CE8	good	-	-	1521881460.000000	1522483560.000000
1521912186.395375	FjpOga1NgefZULBJ76	sha1	CF26F518FAC97E8F8CB342E01C2F6A109E8E5F0A	5168FF90AF0207753CCCD9656462A212B859723B	083A84592F77F2E7951BF887CEDEC966	good	-	-	1521450818.000000	1522052918.000000
1521912186.395384	FYcFXU39GpqHOkBBT4	sha1	CF26F518FAC97E8F8CB342E01C2F6A109E8E5F0A	5168FF90AF0207753CCCD9656462A212B859723B	083A84592F77F2E7951BF887CEDEC966	good	-	-	1521450818.000000	1522052918.000000
1521912186.395442	FbyGDT21OGpzIlqCM9	sha1	CF26F518FAC97E8F8CB342E01C2F6A109E8E5F0A	5168FF90AF0207753CCCD9656462A212B859723B	083A84592F77F2E7951BF887CEDEC966	good	-	-	1521450818.000000	1522052918.000000
1521912186.395544	F7zgcq4mNCAKEkYqpj	sha1	CF26F518FAC97E8F8CB342E01C2F6A109E8E5F0A	5168FF90AF0207753CCCD9656462A212B859723B	083A84592F77F2E7951BF887CEDEC966	good	-	-	1521450818.000000	1522052918.000000
1521912186.395977	FrbE9M2c1yfEA8Fn37	sha1	CF26F518FAC97E8F8CB342E01C2F6A109E8E5F0A	5168FF90AF0207753CCCD9656462A212B859723B	083A84592F77F2E7951BF887CEDEC966	good	-	-	1521450818.000000	1522052918.000000
1521912186.396085	FhjfBR35yhDlxxV3tf	sha1	CF26F518FAC97E8F8CB342E01C2F6A109E8E5F0A	5168FF90AF0207753CCCD9656462A212B859723B	083A84592F77F2E7951BF887CEDEC966	good	-	-	1521450818.000000	1522052918.000000
1521912193.860420	FMW2oG19NSTKzjArWh	sha1	49F4BD8A18BF760698C5DE402D683B716AE4E686	3DD350A5D6A0ADEEF34A600A65D321D4F8F8D60F	038978C7D6C06C01C6CC5F228F65A5D2	good	-	-	1521572076.000000	1522174176.000000
1521912194.917722	Fs3oig3weBkDsL2vfi	sha1	CEA633847FA2C6D73E768EA031C03953C6868E0A	40096167F0BC83714FDE12082C6FD4D42B763D96	62CADD9C88183ECD666482E40DAB33E1	good	-	-	1521476961.000000	1522081761.000000
1521912194.919450	FwgZKcBNF7URX202c	sha1	B6080D5F6C6B76EB13E438A5F8660BA85233344E	40C2BD278ECC348330A233D7FB6CB3F0B42C80CE	A80B9B37F7C73200	good	-	-	1521904864.000000	1522034464.000000
1521912194.976054	F1CaIY3vTGsIF0HVbh	sha1	12EADF46CC0880387360B65A691601CC0CB5E9E2	A92B87E1CE24473B1BBFCF853702559D0D9458E6	2915BDE5AB2EA8DDF93EC3F3	good	-	-	1521712033.000000	1522057633.000000
1521912194.976193	F6rE8o13PfLa3qc7nk	sha1	12EADF46CC0880387360B65A691601CC0CB5E9E2	A92B87E1CE24473B1BBFCF853702559D0D9458E6	2915BDE5AB2EA8DDF93EC3F3	good	-	-	1521712033.000000	1522057633.000000
1521912194.976296	FEACBA3tZa7I2afOyg	sha1	12EADF46CC0880387360B65A691601CC0CB5E9E2	A92B87E1CE24473B1BBFCF853702559D0D9458E6	2915BDE5AB2EA8DDF93EC3F3	good	-	-	1521712033.000000	1522057633.000000
1521912195.313346	FTBB4t1SksBQ7loSw9	sha1	F6EDB0636232819A35F68D75A09D024A11AA6CAD	77C2B8509A677676B12DC286D083A07EA67EBA4B	0F663A6A364C36BD	good	-	-	1521899244.000000	1522504044.000000
1521912195.313348	Fs1H3mHHlpPfSm9s	sha1	F6EDB0636232819A35F68D75A09D024A11AA6CAD	77C2B8509A677676B12DC286D083A07EA67EBA4B	0F663A6A364C36BD	good	-	-	1521899244.000000	1522504044.000000
1521912196.233337	FYcxU93uBIBJhIiMei	sha1	105FA67A80089DB5279F35CE830B43889EA3C70D	0F80611C823161D52F28E78D4638B42CE1C6D9E2	07E36C2B7C77163B54E18815DCE4306C	good	-	-	1521893529.000000	1522495629.000000
1521912196.234311	FCYVBP1QMJbRpbbaj	sha1	105FA67A80089DB5279F35CE830B43889EA3C70D	0F80611C823161D52F28E78D4638B42CE1C6D9E2	07E36C2B7C77163B54E18815DCE4306C	good	-	-	1521893529.000000	1522495629.000000
1521912197.103561	F8JsiN1q8S3xEDh1Pa	sha1	105FA67A80089DB5279F35CE830B43889EA3C70D	0F80611C823161D52F28E78D4638B42CE1C6D9E2	0861C0B409128EB6DB52F73B182924CB	good	-	-	1521882857.000000	1522484957.000000
1521912197.103706	FBfY98eVyFPPZcqG7	sha1	105FA67A80089DB5279F35CE830B43889EA3C70D	0F80611C823161D52F28E78D4638B42CE1C6D9E2	0861C0B409128EB6DB52F73B182924CB	good	-	-	1521904457.000000	1522506557.000000
1521912197.103710	Frxdxp3eEHYJUkWBw3	sha1	105FA67A80089DB5279F35CE830B43889EA3C70D	0F80611C823161D52F28E78D4638B42CE1C6D9E2	0861C0B409128EB6DB52F73B182924CB	good	-	-	1521882857.000000	1522484957.000000
1521912197.103916	FHgEq73ohuxyrVTJ3b	sha1	105FA67A80089DB5279F35CE830B43889EA3C70D	0F80611C823161D52F28E78D4638B42CE1C6D9E2	0861C0B409128EB6DB52F73B182924CB	good	-	-	1521882857.000000	1522484957.000000
1521912197.361683	Fl6y1v3wka1fch6eJ1	sha1	B6080D5F6C6B76EB13E438A5F8660BA85233344E	40C2BD278ECC348330A233D7FB6CB3F0B42C80CE	A80B9B37F7C73200	good	-	-	1521904864.000000	1522034464.000000
1521912197.362801	F971Te22XJqA6u4Ki	sha1	B6080D5F6C6B76EB13E438A5F8660BA85233344E	40C2BD278ECC348330A233D7FB6CB3F0B42C80CE	A80B9B37F7C73200	good	-	-	1521904864.000000	1522034464.000000
1521912197.363050	FIweHk4FL8cfsXVkNc	sha1	B6080D5F6C6B76EB13E438A5F8660BA85233344E	40C2BD278ECC348330A233D7FB6CB3F0B42C80CE	A80B9B37F7C73200	good	-	-	1521904864.000000	1522034464.000000
1521912197.363160	FSIRFzM3jzT47abb1	sha1	B6080D5F6C6B76EB13E438A5F8660BA85233344E	40C2BD278ECC348330A233D7FB6CB3F0B42C80CE	A80B9B37F7C73200	good	-	-	1521904864.000000	1522034464.000000
1521912197.363412	FHIRRz3rxuoyhl7Fa	sha1	B6080D5F6C6B76EB13E438A5F8660BA85233344E	40C2BD278ECC348330A233D7FB6CB3F0B42C80CE	A80B9B37F7C73200	good	-	-	1521904864.000000	1522034464.000000
1521912197.363434	FrxY7V163QoodlKDR5	sha1	B6080D5F6C6B76EB13E438A5F8660BA85233344E	40C2BD278ECC348330A233D7FB6CB3F0B42C80CE	A80B9B37F7C73200	good	-	-	1521904864.000000	1522034464.000000
1521912197.379220	FAD2F32BDEzrkKQeL4	sha1	B6080D5F6C6B76EB13E438A5F8660BA85233344E	40C2BD278ECC348330A233D7FB6CB3F0B42C80CE	CE9A8DBB2EB07E17	good	-	-	1521910517.000000	1522040117.000000
1521912197.379818	FwtmJD2jJWteKPVgl1	sha1	B6080D5F6C6B76EB13E438A5F8660BA85233344E	40C2BD278ECC348330A233D7FB6CB3F0B42C80CE	CE9A8DBB2EB07E17	good	-	-	1521910517.000000	1522040117.000000
1521912197.534644	FoOsta2T95JmAmtihb	sha1	B6080D5F6C6B76EB13E438A5F8660BA85233344E	40C2BD278ECC348330A233D7FB6CB3F0B42C80CE	03E5D4DF107D3185	good	-	-	1521908991.000000	1522038591.000000
1521912197.534985	Fu3HER1BipG4DdWeMa	sha1	B6080D5F6C6B76EB13E438A5F8660BA85233344E	40C2BD278ECC348330A233D7FB6CB3F0B42C80CE	03E5D4DF107D3185	good	-	-	1521910197.000000	1522039797.000000
1521912197.617732	FlN67HKgwANb4Zuxg	sha1	CF26F518FAC97E8F8CB342E01C2F6A109E8E5F0A	5168FF90AF0207753CCCD9656462A212B859723B	0E1FA2FC3836D848FC2A572AE9B89E0C	good	-	-	1521884233.000000	1522486333.000000
1521912197.712856	FwCe3t36jAZhYtMg43	sha1	105FA67A80089DB5279F35CE830B43889EA3C70D	0F80611C823161D52F28E78D4638B42CE1C6D9E2	0DAC496989D6AE912D24A604A6962E6D	good	-	-	1521894908.000000	1522497008.000000
1521912197.817293	FjAhtW93lCQ8LaTpg	sha1	49F4BD8A18BF760698C5DE402D683B716AE4E686	3DD350A5D6A0ADEEF34A600A65D321D4F8F8D60F	0C59A98CBEE0B63A5649CBCC4B572D18	good	-	-	1521891003.000000	1522493103.000000
1521912197.817590	FvqpBT1WGoyDFjLGJj	sha1	49F4BD8A18BF760698C5DE402D683B716AE4E686	3DD350A5D6A0ADEEF34A600A65D321D4F8F8D60F	0C59A98CBEE0B63A5649CBCC4B572D18	good	-	-	1521891003.000000	1522493103.000000
1521912198.053689	FDeFhs4Wojc4EL9zkj	sha1	105FA67A80089DB5279F35CE830B43889EA3C70D	0F80611C823161D52F28E78D4638B42CE1C6D9E2	0AD29BD9762566A7C81C21FBC76A30BF	good	-	-	1521887025.000000	1522489125.000000
1521912198.053833	FdGoLh4H2KXBG4Ssqi	sha1	105FA67A80089DB5279F35CE830B43889EA3C70D	0F80611C823161D52F28E78D4638B42CE1C6D9E2	0AD29BD9762566A7C81C21FBC76A30BF	good	-	-	1521887025.000000	1522489125.000000
1521912198.053945	F8pDtCoBaKqD9SIn1	sha1	105FA67A80089DB5279F35CE830B43889EA3C70D	0F80611C823161D52F28E78D4638B42CE1C6D9E2	0AD29BD9762566A7C81C21FBC76A30BF	good	-	-	1521887025.000000	1522489125.000000
1521912198.190068	FOdWuQ2mbb1m7jAo05	sha1	105FA67A80089DB5279F35CE830B43889EA3C70D	0F80611C823161D52F28E78D4638B42CE1C6D9E2	0A7D487430428F316F37CD09EA5B096B	good	-	-	1521886948.000000	1522489048.000000
1521912198.190478	FCBvOs2iK0s8B5qgo1	sha1	105FA67A80089DB5279F35CE830B43889EA3C70D	0F80611C823161D52F28E78D4638B42CE1C6D9E2	0A7D487430428F316F37CD09EA5B096B	good	-	-	1521886948.000000	1522489048.000000
1521912198.258150	F40Axm1OX4mVG0Sfwi	sha1	2985FC613DBE2FB0120F5E420E4C9EC3D59EFD7C	08FE259F74EA8704C2BCBB8EA8385F33C6D16C65	2D00003299D7071DB7D1708A42000000003299	good	-	-	1521880698.000000	1522226298.000000
1521912198.258406	FGQg2q4F7BR01VVWVl	sha1	2985FC613DBE2FB0120F5E420E4C9EC3D59EFD7C	08FE259F74EA8704C2BCBB8EA8385F33C6D16C65	2D00003299D7071DB7D1708A42000000003299	good	-	-	1521663541.000000	1522009141.000000
1521912198.290478	FF0pT83FSVYA3N9VDc	sha1	105FA67A80089DB5279F35CE830B43889EA3C70D	0F80611C823161D52F28E78D4638B42CE1C6D9E2	0358294998DDE84DA4357D1522405051	good	-	-	1521896044.000000	1522498144.000000
1521912198.293766	FPXxLI2cHdymrJCTBk	sha1	F6EDB0636232819A35F68D75A09D024A11AA6CAD	77C2B8509A677676B12DC286D083A07EA67EBA4B	197ED5FE09C551D9	good	-	-	1521748351.000000	1522353151.000000
1521912198.949032	FOswlSq4K7EpnQvvj	sha1	B6080D5F6C6B76EB13E438A5F8660BA85233344E	40C2BD278ECC348330A233D7FB6CB3F0B42C80CE	24FB57671F9BD416	good	-	-	1521907561.000000	1522037161.000000
1521912198.950067	FfZL8w4beVfENgr1I3	sha1	B6080D5F6C6B76EB13E438A5F8660BA85233344E	40C2BD278ECC348330A233D7FB6CB3F0B42C80CE	24FB57671F9BD416	good	-	-	1521907561.000000	1522037161.000000
1521912199.043848	FO4cPnOggTWShXhEi	sha1	105FA67A80089DB5279F35CE830B43889EA3C70D	0F80611C823161D52F28E78D4638B42CE1C6D9E2	0358294998DDE84DA4357D1522405051	good	-	-	1521896044.000000	1522498144.000000
1521912199.060181	F4Xwin1CG7F6YaILJ6	sha1	105FA67A80089DB5279F35CE830B43889EA3C70D	0F80611C823161D52F28E78D4638B42CE1C6D9E2	08F3943D255EC39AB715A312A3386D52	good	-	-	1521904569.000000	1522506669.000000
1521912199.143629	FaqFpbCYBCLA0Qds8	sha1	105FA67A80089DB5279F35CE830B43889EA3C70D	0F80611C823161D52F28E78D4638B42CE1C6D9E2	07E36C2B7C77163B54E18815DCE4306C	good	-	-	1521893529.000000	1522495629.000000
1521912199.159575	FnAzZm46XkboK0gp7d	sha1	105FA67A80089DB5279F35CE830B43889EA3C70D	0F80611C823161D52F28E78D4638B42CE1C6D9E2	07E36C2B7C77163B54E18815DCE4306C	good	-	-	1521893529.000000	1522495629.000000
1521912199.334057	FDeb9a3Na02Qupyuc2	sha1	105FA67A80089DB5279F35CE830B43889EA3C70D	0F80611C823161D52F28E78D4638B42CE1C6D9E2	07E36C2B7C77163B54E18815DCE4306C	good	-	-	1521893529.000000	1522495629.000000
1521912199.334784	FgsqGC3V5ourh8m4k6	sha1	105FA67A80089DB5279F35CE830B43889EA3C70D	0F80611C823161D52F28E78D4638B42CE1C6D9E2	07E36C2B7C77163B54E18815DCE4306C	good	-	-	1521893529.000000	1522495629.000000
1521912201.330077	FWPU4k3OzphkD4wkZe	sha1	D83A4CEBAC21908F4F278D95DB510429928526B9	0876CDCB07FF24F6C5CDEDBB90BCE284374675F7	6B326A0F0328D37A1D530BFD23BD48E2	good	-	-	1521912137.000000	1522516937.000000
1521912201.336486	FPASba29rYUAZh01jl	sha1	D83A4CEBAC21908F4F278D95DB510429928526B9	0876CDCB07FF24F6C5CDEDBB90BCE284374675F7	6B326A0F0328D37A1D530BFD23BD48E2	good	-	-	1521912137.000000	1522516937.000000
1521912201.992048	FBBYvi2yrz5vlhruq2	sha1	645A9830F8BA8C5B838419AF805C7BA67F19062A	C07BB4C8B76E56A709489AF8724FD7D7242C363E	5C02C38C8F7B9B522606B1C22DA7954E	good	-	-	1521912201.000000	1522517001.000000
1521912201.998990	FO0iswolU3JDMaEGj	sha1	645A9830F8BA8C5B838419AF805C7BA67F19062A	C07BB4C8B76E56A709489AF8724FD7D7242C363E	5C02C38C8F7B9B522606B1C22DA7954E	good	-	-	1521912201.000000	1522517001.000000
1521912214.746283	Fjq6Zp1KsBK0BJWHff	sha1	105FA67A80089DB5279F35CE830B43889EA3C70D	0F80611C823161D52F28E78D4638B42CE1C6D9E2	0ABFDFA0D326FF061BC7ADFA62091075	good	-	-	1521454993.000000	1522057093.000000
1521912214.747083	FbSOGU2VERODuorsA6	sha1	CEA633847FA2C6D73E768EA031C03953C6868E0A	40096167F0BC83714FDE12082C6FD4D42B763D96	EBB96E2A8D5A8BBC2645198CE6B4EB6D	good	-	-	1521733364.000000	1522338164.000000
1521912214.747731	FAxjlO1S4aSLTAIgNa	sha1	105FA67A80089DB5279F35CE830B43889EA3C70D	0F80611C823161D52F28E78D4638B42CE1C6D9E2	018CB6B403FDBDB817D52CDFC1FA3756	good	-	-	1521870409.000000	1522472509.000000
1521912226.293400	Fr6cec18iWfyy9szN7	sha1	CEA633847FA2C6D73E768EA031C03953C6868E0A	40096167F0BC83714FDE12082C6FD4D42B763D96	5CE89C891562CF68CBC01A9892A68F37	good	-	-	1521634081.000000	1522238881.000000
1521912226.293594	Funh0T1o9WQn4bEIl	sha1	CEA633847FA2C6D73E768EA031C03953C6868E0A	40096167F0BC83714FDE12082C6FD4D42B763D96	5CE89C891562CF68CBC01A9892A68F37	good	-	-	1521634081.000000	1522238881.000000
1521912226.293609	F8kjPP2kLHqDrVzCu5	sha1	CEA633847FA2C6D73E768EA031C03953C6868E0A	40096167F0BC83714FDE12082C6FD4D42B763D96	5CE89C891562CF68CBC01A9892A68F37	good	-	-	1521634081.000000	1522238881.000000
1521912226.294503	F3miGw25Qo6Dllk0u3	sha1	CEA633847FA2C6D73E768EA031C03953C6868E0A	40096167F0BC83714FDE12082C6FD4D42B763D96	5CE89C891562CF68CBC01A9892A68F37	good	-	-	1521634081.000000	1522238881.000000
1521912226.295654	FnQHry33I83shDTMZf	sha1	CEA633847FA2C6D73E768EA031C03953C6868E0A	40096167F0BC83714FDE12082C6FD4D42B763D96	5CE89C891562CF68CBC01A9892A68F37	good	-	-	1521634081.000000	1522238881.000000
1521912226.295671	FhWggb2xPfntQFcIYk	sha1	CEA633847FA2C6D73E768EA031C03953C6868E0A	40096167F0BC83714FDE12082C6FD4D42B763D96	5CE89C891562CF68CBC01A9892A68F37	good	-	-	1521634081.000000	1522238881.000000
1521912240.052254	FC7G6p1RzpaaEjrC15	sha1	CF26F518FAC97E8F8CB342E01C2F6A109E8E5F0A	5168FF90AF0207753CCCD9656462A212B859723B	083A84592F77F2E7951BF887CEDEC966	good	-	-	1521602015.000000	1522204115.000000
1521912240.053371	FLzxZ73SaQpyKMYwhe	sha1	CF26F518FAC97E8F8CB342E01C2F6A109E8E5F0A	5168FF90AF0207753CCCD9656462A212B859723B	083A84592F77F2E7951BF887CEDEC966	good	-	-	1521602015.000000	1522204115.000000
1521912240.197216	F5y2aG4TXjuY7smvT8	sha1	33F5AAC61D66E7055D03173A4D1F3E187138850D	59A4660652A07B95923CA394072796745BF93DD0	0689B1CCE59379AEB3C4054C226E82F9	good	-	-	1521781606.000000	1522383706.000000
1521912240.236103	F18EUJ3YsgRFWvbBj2	sha1	CF26F518FAC97E8F8CB342E01C2F6A109E8E5F0A	5168FF90AF0207753CCCD9656462A212B859723B	083A84592F77F2E7951BF887CEDEC966	good	-	-	1521450818.000000	1522052918.000000
1521912240.254420	FkG92W2eYhh55JDKBk	sha1	7EE66AE7729AB3FCF8A220646C16A12D6071085D	A84A6A63047DDDBAE6D139B7A64565EFF3A8ECA1	032FFF36594827173FE66372C294828DD44C	good	-	-	1521853200.000000	1522458000.000000
1521912240.255980	FTScn72f0JwHY9SeDd	sha1	7EE66AE7729AB3FCF8A220646C16A12D6071085D	A84A6A63047DDDBAE6D139B7A64565EFF3A8ECA1	032FFF36594827173FE66372C294828DD44C	good	-	-	1521853200.000000	1522458000.000000
1521912240.484940	FA8LMe2jedvQZQPGGk	sha1	CEA633847FA2C6D73E768EA031C03953C6868E0A	40096167F0BC83714FDE12082C6FD4D42B763D96	07F7A70B3DF83419FC3B1731F408C57D	good	-	-	1521567190.000000	1522171990.000000
1521912240.485568	FS5ynE3VZGQsrOUGIj	sha1	CEA633847FA2C6D73E768EA031C03953C6868E0A	40096167F0BC83714FDE12082C6FD4D42B763D96	07F7A70B3DF83419FC3B1731F408C57D	good	-	-	1521567190.000000	1522171990.000000
1521912243.049901	FSGFMN2ZRIXms7J5h5	sha1	33F5AAC61D66E7055D03173A4D1F3E187138850D	59A4660652A07B95923CA394072796745BF93DD0	0528E3FA1CFDD273EC82700FA25919C2	good	-	-	1521684085.000000	1522286185.000000
1521912255.620313	FKozHc22y80yCz8Ocd	sha1	CC6D221CF6B4552C2F87915F5AFEF0E1EECE83CC	82A27074DDBC533FCF7BD4F7CD7FA760C60A4CBF	767B27C00000000050D6C9A4	good	-	-	1521898826.000000	1522503626.000000
1521912255.823967	Fi3Dsg1TXfYE9CdnZ3	sha1	CF26F518FAC97E8F8CB342E01C2F6A109E8E5F0A	5168FF90AF0207753CCCD9656462A212B859723B	0AEB782F614577C33872B81DE396129D	good	-	-	1521887039.000000	1522489139.000000
1521912265.564447	Fvyn3T1MsCd6bPnOvc	sha1	CF26F518FAC97E8F8CB342E01C2F6A109E8E5F0A	5168FF90AF0207753CCCD9656462A212B859723B	0E11BBD70D54B710D0C6F540B6B52CA4	good	-	-	1521560232.000000	1522162332.000000
1521912265.564725	FOa3Vz2jxwgV42ECx7	sha1	CF26F518FAC97E8F8CB342E01C2F6A109E8E5F0A	5168FF90AF0207753CCCD9656462A212B859723B	0E11BBD70D54B710D0C6F540B6B52CA4	good	-	-	1521560232.000000	1522162332.000000
1521912265.565519	F9cxke2tWv3LFkHDil	sha1	CF26F518FAC97E8F8CB342E01C2F6A109E8E5F0A	5168FF90AF0207753CCCD9656462A212B859723B	0E11BBD70D54B710D0C6F540B6B52CA4	good	-	-	1521560232.000000	1522162332.000000
1521912273.805394	Ff6zfLQHUey5iQ2Z2	sha1	CF26F518FAC97E8F8CB342E01C2F6A109E8E5F0A	5168FF90AF0207753CCCD9656462A212B859723B	0E11BBD70D54B710D0C6F540B6B52CA4	good	-	-	1521560232.000000	1522162332.000000
1521912274.215085	FATco31Bnh4dxuxXe2	sha1	CF26F518FAC97E8F8CB342E01C2F6A109E8E5F0A	5168FF90AF0207753CCCD9656462A212B859723B	0E11BBD70D54B710D0C6F540B6B52CA4	good	-	-	1521560232.000000	1522162332.000000
1521912274.215223	FpewxG2YaX87PGHs25	sha1	CF26F518FAC97E8F8CB342E01C2F6A109E8E5F0A	5168FF90AF0207753CCCD9656462A212B859723B	0E11BBD70D54B710D0C6F540B6B52CA4	good	-	-	1521560232.000000	1522162332.000000
1521912274.215444	FfDQYE3L0W2nwvUpy	sha1	CF26F518FAC97E8F8CB342E01C2F6A109E8E5F0A	5168FF90AF0207753CCCD9656462A212B859723B	0E11BBD70D54B710D0C6F540B6B52CA4	good	-	-	1521560232.000000	1522162332.000000
1521912274.215872	FzdPxn4oznYlppZGDh	sha1	B6080D5F6C6B76EB13E438A5F8660BA85233344E	40C2BD278ECC348330A233D7FB6CB3F0B42C80CE	A80B9B37F7C73200	good	-	-	1521904864.000000	1522034464.000000
1521912277.214116	FIrqHxDQp6sEdWEQe	sha1	CF26F518FAC97E8F8CB342E01C2F6A109E8E5F0A	5168FF90AF0207753CCCD9656462A212B859723B	0E11BBD70D54B710D0C6F540B6B52CA4	good	-	-	1521560232.000000	1522162332.000000
1521912280.815742	FXIRyP3muMHiNCKDHl	sha1	12EADF46CC0880387360B65A691601CC0CB5E9E2	A92B87E1CE24473B1BBFCF853702559D0D9458E6	210879A6D38EDF7AA38F47F7	good	-	-	1521906475.000000	1522252075.000000
1521912281.949510	Fp4g9A47chgMpVmt2g	sha1	26102266B387FB8B911BC6D37B35BCD0081C0074	51AF24269CF468225780262B3B4662157B1ECCA5	5A00031B38919BEB89931C07D2000100031B38	good	-	-	1521727095.000000	1522072695.000000
1521912281.949751	Farj8a3rnUhRjIgza8	sha1	26102266B387FB8B911BC6D37B35BCD0081C0074	51AF24269CF468225780262B3B4662157B1ECCA5	5A00031B38919BEB89931C07D2000100031B38	good	-	-	1521665162.000000	1522010762.000000
1521912282.057412	FJjocI33xzvZFGtXb9	sha1	2985FC613DBE2FB0120F5E420E4C9EC3D59EFD7C	08FE259F74EA8704C2BCBB8EA8385F33C6D16C65	2D0001E8A309C019A913DB800C00000001E8A3	good	-	-	1521881229.000000	1522226829.000000
1521912282.080651	FyAet6mW2x9GqRKZ2	sha1	7D14CA1E3E08269E1A333D0E0E6FF31361215EEA	25F08AE14B7AD901950AEDC653F18C781FD9F3F8	0F683F2DFAC9EDF014148CA649DB4BAD	good	-	-	1521346550.000000	1521951350.000000
1521912282.080794	FqR1f61Y3OkqyepVg1	sha1	7D14CA1E3E08269E1A333D0E0E6FF31361215EEA	25F08AE14B7AD901950AEDC653F18C781FD9F3F8	0F683F2DFAC9EDF014148CA649DB4BAD	good	-	-	1521346550.000000	1521951350.000000
1521912282.081190	FIRBBZySZKCdThqEk	sha1	7D14CA1E3E08269E1A333D0E0E6FF31361215EEA	25F08AE14B7AD901950AEDC653F18C781FD9F3F8	0F683F2DFAC9EDF014148CA649DB4BAD	good	-	-	1521346550.000000	1521951350.000000
1521912282.089996	F6ELVmYx8z5aTasNc	sha1	2985FC613DBE2FB0120F5E420E4C9EC3D59EFD7C	08FE259F74EA8704C2BCBB8EA8385F33C6D16C65	2D0001E9A27AC87C2EC2109EF400000001E9A2	good	-	-	1521641939.000000	1521987539.000000
1521912282.160248	FybDlGEaIR8wWTVIg	sha1	881A4A74FEFF4652F354BB510FD3A4EEEFE0A1C8	919E3B446C3D579C42772A34D74FD1CC4A972CDA	200001DBB16A51B639DA1B3C8E00000001DBB1	good	-	-	1521838820.000000	1522184420.000000
1521912282.160557	FiRh7c1cSkvrMZ2Vn4	sha1	881A4A74FEFF4652F354BB510FD3A4EEEFE0A1C8	919E3B446C3D579C42772A34D74FD1CC4A972CDA	200001DBB16A51B639DA1B3C8E00000001DBB1	good	-	-	1521838820.000000	1522184420.000000
1521912282.160819	FAxLam2O96CQ5wWkF7	sha1	881A4A74FEFF4652F354BB510FD3A4EEEFE0A1C8	919E3B446C3D579C42772A34D74FD1CC4A972CDA	200001DBB16A51B639DA1B3C8E00000001DBB1	good	-	-	1521838820.000000	1522184420.000000
1521912282.160839	FTN7eD11WqRw60vBQc	sha1	881A4A74FEFF4652F354BB510FD3A4EEEFE0A1C8	919E3B446C3D579C42772A34D74FD1CC4A972CDA	200001DBB16A51B639DA1B3C8E00000001DBB1	good	-	-	1521838820.000000	1522184420.000000
1521912282.161201	F8UQxp3ptEflwj5ODe	sha1	881A4A74FEFF4652F354BB510FD3A4EEEFE0A1C8	919E3B446C3D579C42772A34D74FD1CC4A972CDA	200001DBB16A51B639DA1B3C8E00000001DBB1	good	-	-	1521838820.000000	1522184420.000000
1521912282.161220	FZrUV23PkDaZ6LWh53	sha1	881A4A74FEFF4652F354BB510FD3A4EEEFE0A1C8	919E3B446C3D579C42772A34D74FD1CC4A972CDA	200001DBB16A51B639DA1B3C8E00000001DBB1	good	-	-	1521838820.000000	1522184420.000000
1521912282.255233	FDOC2XjtVv6IDipx2	sha1	7D14CA1E3E08269E1A333D0E0E6FF31361215EEA	25F08AE14B7AD901950AEDC653F18C781FD9F3F8	0F683F2DFAC9EDF014148CA649DB4BAD	good	-	-	1521346550.000000	1521951350.000000
1521912282.431849	FIOE2amicq05o0eN7	sha1	881A4A74FEFF4652F354BB510FD3A4EEEFE0A1C8	919E3B446C3D579C42772A34D74FD1CC4A972CDA	200001DBB16A51B639DA1B3C8E00000001DBB1	good	-	-	1521838820.000000	1522184420.000000
1521912282.617968	FpvqLjY3oRZVQfbj3	sha1	2985FC613DBE2FB0120F5E420E4C9EC3D59EFD7C	08FE259F74EA8704C2BCBB8EA8385F33C6D16C65	2D0001ECAF9E372BB79299004F00000001ECAF	good	-	-	1521890928.000000	1522236528.000000
1521912282.668880	FctOrs1r0qQBqviJBl	sha1	2985FC613DBE2FB0120F5E420E4C9EC3D59EFD7C	08FE259F74EA8704C2BCBB8EA8385F33C6D16C65	2D0001F35422B3307EEC9502B500000001F354	good	-	-	1521821036.000000	1522166636.000000
1521912282.901364	FixrPE2QsD2NkTFUSd	sha1	2985FC613DBE2FB0120F5E420E4C9EC3D59EFD7C	08FE259F74EA8704C2BCBB8EA8385F33C6D16C65	2D0001452BA5DF51332A2ACCF900000001452B	good	-	-	1521877864.000000	1522223464.000000
1521912283.032503	FoeMA74iBuIxRquVE9	sha1	4F0B5BD9B7DAAF9FB6F363722276D6E195AE2629	58889FD6DC9C4822B7143EFF8488E8E685FFFA7D	7B0000DEC8CA384E06D7B93DE300000000DEC8	good	-	-	1521822779.000000	1522168379.000000
1521912283.041763	F1CzPM21KC6jIG6fU1	sha1	2985FC613DBE2FB0120F5E420E4C9EC3D59EFD7C	08FE259F74EA8704C2BCBB8EA8385F33C6D16C65	2D0001F35422B3307EEC9502B500000001F354	good	-	-	1521697136.000000	1522042736.000000
1521912283.046124	FVszfu4hmsalTvDn4	sha1	2985FC613DBE2FB0120F5E420E4C9EC3D59EFD7C	08FE259F74EA8704C2BCBB8EA8385F33C6D16C65	2D0001F35422B3307EEC9502B500000001F354	good	-	-	1521796397.000000	1522141997.000000
1521912283.048093	FCqbAgIjxAE9jPTq3	sha1	2985FC613DBE2FB0120F5E420E4C9EC3D59EFD7C	08FE259F74EA8704C2BCBB8EA8385F33C6D16C65	2D0001F35422B3307EEC9502B500000001F354	good	-	-	1521763109.000000	1522108709.000000
1521912288.554033	FE1rK43DuwvIxIa7i1	sha1	26102266B387FB8B911BC6D37B35BCD0081C0074	51AF24269CF468225780262B3B4662157B1ECCA5	5A0003B3DA5D075B817369BF0C00010003B3DA	good	-	-	1521770062.000000	1522115662.000000
1521912288.555564	F7dpvXK5RGpZ0VAFl	sha1	26102266B387FB8B911BC6D37B35BCD0081C0074	51AF24269CF468225780262B3B4662157B1ECCA5	5A0003B3DA5D075B817369BF0C00010003B3DA	good	-	-	1521770062.000000	1522115662.000000
1521912288.813911	F8fyUpkSIV1RE4Wc8	sha1	4F0B5BD9B7DAAF9FB6F363722276D6E195AE2629	58889FD6DC9C4822B7143EFF8488E8E685FFFA7D	7B0000B8511DEAA59DE2AEBFAC00000000B851	good	-	-	1521703739.000000	1522049339.000000
1521912288.814506	FA8hpng7Lc77EH67a	sha1	4F0B5BD9B7DAAF9FB6F363722276D6E195AE2629	58889FD6DC9C4822B7143EFF8488E8E685FFFA7D	7B0000B8511DEAA59DE2AEBFAC00000000B851	good	-	-	1521703739.000000	1522049339.000000
1521912289.115811	FrCeSs3H4EUZfzhlU1	sha1	22AF001C8075620726E0C8931AECA7421C32123A	7A7B8CC1CFE7A0CA1CD46BFAFBE133C30F1AA29D	160000A226527171F754ACC41600000000A226	good	-	-	1521794520.000000	1522140120.000000
1521912289.116040	FIPKQ8Wc38TPqZNq2	sha1	22AF001C8075620726E0C8931AECA7421C32123A	7A7B8CC1CFE7A0CA1CD46BFAFBE133C30F1AA29D	160000A226527171F754ACC41600000000A226	good	-	-	1521794520.000000	1522140120.000000
1521912289.116261	FpRSJh4Wh4p92kbxch	sha1	22AF001C8075620726E0C8931AECA7421C32123A	7A7B8CC1CFE7A0CA1CD46BFAFBE133C30F1AA29D	160000A226527171F754ACC41600000000A226	good	-	-	1521794520.000000	1522140120.000000
1521912289.116355	FlMZnN20dbWuUQpoed	sha1	22AF001C8075620726E0C8931AECA7421C32123A	7A7B8CC1CFE7A0CA1CD46BFAFBE133C30F1AA29D	160000A226527171F754ACC41600000000A226	good	-	-	1521794520.000000	1522140120.000000
1521912289.116372	FXIZUu40YRb0YT23Pe	sha1	22AF001C8075620726E0C8931AECA7421C32123A	7A7B8CC1CFE7A0CA1CD46BFAFBE133C30F1AA29D	160000A226527171F754ACC41600000000A226	good	-	-	1521794520.000000	1522140120.000000
1521912289.118001	FRSpWX1M7C8QPngsch	sha1	22AF001C8075620726E0C8931AECA7421C32123A	7A7B8CC1CFE7A0CA1CD46BFAFBE133C30F1AA29D	160000A226527171F754ACC41600000000A226	good	-	-	1521794520.000000	1522140120.000000
1521912289.155750	FTiJCw3tTjcMrB0vDl	sha1	881A4A74FEFF4652F354BB510FD3A4EEEFE0A1C8	919E3B446C3D579C42772A34D74FD1CC4A972CDA	20000202490C64FBD1CF1D54BF000000020249	good	-	-	1521853951.000000	1522199551.000000
1521912289.156239	FEDhtn2cE5Ouwborsg	sha1	2985FC613DBE2FB0120F5E420E4C9EC3D59EFD7C	08FE259F74EA8704C2BCBB8EA8385F33C6D16C65	2D00010F306B9EE433777625E5000000010F30	good	-	-	1521860524.000000	1522206124.000000
1521912289.157757	FdarzZ3ez6lbuIU338	sha1	22AF001C8075620726E0C8931AECA7421C32123A	7A7B8CC1CFE7A0CA1CD46BFAFBE133C30F1AA29D	160000A226527171F754ACC41600000000A226	good	-	-	1521599423.000000	1521945023.000000
1521912289.721743	Fnk3qH3uYXEQFp48X6	sha1	4F0B5BD9B7DAAF9FB6F363722276D6E195AE2629	58889FD6DC9C4822B7143EFF8488E8E685FFFA7D	7B0000229E5AE8F70B24874F5200000000229E	good	-	-	1521723635.000000	1522069235.000000
1521912289.723432	FeBKdb4alWoZhxvPag	sha1	4F0B5BD9B7DAAF9FB6F363722276D6E195AE2629	58889FD6DC9C4822B7143EFF8488E8E685FFFA7D	7B0000229E5AE8F70B24874F5200000000229E	good	-	-	1521723635.000000	1522069235.000000
1521912290.960584	FZnr6B27icERX9iibd	sha1	22AF001C8075620726E0C8931AECA7421C32123A	7A7B8CC1CFE7A0CA1CD46BFAFBE133C30F1AA29D	160000A226527171F754ACC41600000000A226	good	-	-	1521794520.000000	1522140120.000000
1521912291.393813	FaNb8S2EamYiEX23zb	sha1	2985FC613DBE2FB0120F5E420E4C9EC3D59EFD7C	08FE259F74EA8704C2BCBB8EA8385F33C6D16C65	2D00010F306B9EE433777625E5000000010F30	good	-	-	1521860524.000000	1522206124.000000
1521912293.441191	F72od5jvOECviQtX4	sha1	4F0B5BD9B7DAAF9FB6F363722276D6E195AE2629	58889FD6DC9C4822B7143EFF8488E8E685FFFA7D	7B0000229E5AE8F70B24874F5200000000229E	good	-	-	1521723635.000000	1522069235.000000
1521912293.481317	FOCI231okG25GPfwfk	sha1	4F0B5BD9B7DAAF9FB6F363722276D6E195AE2629	58889FD6DC9C4822B7143EFF8488E8E685FFFA7D	7B0000229E5AE8F70B24874F5200000000229E	good	-	-	1521856138.000000	1522201738.000000
1521912293.481516	FHLbECt1Z2wcEfQYg	sha1	4F0B5BD9B7DAAF9FB6F363722276D6E195AE2629	58889FD6DC9C4822B7143EFF8488E8E685FFFA7D	7B0000229E5AE8F70B24874F5200000000229E	good	-	-	1521789443.000000	1522135043.000000
1521912293.526142	Ff8pql39o3FfUti8Ei	sha1	2985FC613DBE2FB0120F5E420E4C9EC3D59EFD7C	08FE259F74EA8704C2BCBB8EA8385F33C6D16C65	2D0001F35422B3307EEC9502B500000001F354	good	-	-	1521784816.000000	1522130416.000000
1521912294.532357	FCfAr4yTId3Uxx0j9	sha1	7AE13EE8A0C42A2CB428CBE7A605461940E2A1E9	90AF6A3A945A0BD890EA125673DF43B43A28DAE7	7A179483ED725F1118FFB37B58550FAC	good	-	-	1521565175.000000	1522169975.000000
1521912296.077825	Ftzd4j10iXR6u7Awpj	sha1	12EADF46CC0880387360B65A691601CC0CB5E9E2	A92B87E1CE24473B1BBFCF853702559D0D9458E6	210879A6D38EDF7AA38F47F7	good	-	-	1521906475.000000	1522252075.000000
1521912303.797842	Fjj6hAhX0zqAiM9k9	sha1	12EADF46CC0880387360B65A691601CC0CB5E9E2	A92B87E1CE24473B1BBFCF853702559D0D9458E6	210879A6D38EDF7AA38F47F7	good	-	-	1521906475.000000	1522252075.000000
1521912309.355015	Fl6D3L1BwZHChEvBJl	sha1	CEA633847FA2C6D73E768EA031C03953C6868E0A	40096167F0BC83714FDE12082C6FD4D42B763D96	BF7C2058EF0BF0D70F0344D9F24A8A66	good	-	-	1521623182.000000	1522227982.000000
1521912310.068781	FYbnlr16EaV824GB3j	sha1	CEA633847FA2C6D73E768EA031C03953C6868E0A	40096167F0BC83714FDE12082C6FD4D42B763D96	549BBCE65663F4CFBE003E9DA7957F57	good	-	-	1521658815.000000	1522263615.000000
1521912317.826814	FbngPptAvxICrUGla	sha1	105FA67A80089DB5279F35CE830B43889EA3C70D	0F80611C823161D52F28E78D4638B42CE1C6D9E2	0CA9C64361BFC92A79B1DD9CFB9E48EC	good	-	-	1521891067.000000	1522493167.000000
1521912317.830528	FTsQVo3D1HJAJGLlkg	sha1	105FA67A80089DB5279F35CE830B43889EA3C70D	0F80611C823161D52F28E78D4638B42CE1C6D9E2	0CA9C64361BFC92A79B1DD9CFB9E48EC	good	-	-	1521891067.000000	1522493167.000000
1521912320.763772	FVEEhD3NDccLkiGwr3	sha1	7AE13EE8A0C42A2CB428CBE7A605461940E2A1E9	90AF6A3A945A0BD890EA125673DF43B43A28DAE7	56FB542C250C1D90F1DF4AB114FC368F	good	-	-	1521485616.000000	1522090416.000000
1521912320.812190	FlJF8g21u4hQDQA5A2	sha1	CF26F518FAC97E8F8CB342E01C2F6A109E8E5F0A	5168FF90AF0207753CCCD9656462A212B859723B	0877B85AD1CEFEED75B596BFCEB594DF	good	-	-	1521882870.000000	1522484970.000000
1521912320.885835	FZX7Yw3bBI1Sc93aIl	sha1	CF26F518FAC97E8F8CB342E01C2F6A109E8E5F0A	5168FF90AF0207753CCCD9656462A212B859723B	07F1B3336DDAAF33DA62A92942316A35	good	-	-	1521893541.000000	1522495641.000000
1521912320.946484	FvJOcC4nyj0TIdZUIh	sha1	CF26F518FAC97E8F8CB342E01C2F6A109E8E5F0A	5168FF90AF0207753CCCD9656462A212B859723B	0877B85AD1CEFEED75B596BFCEB594DF	good	-	-	1521882870.000000	1522484970.000000
1521912347.859578	FIPW172Fscvyj57LY8	sha1	F6EDB0636232819A35F68D75A09D024A11AA6CAD	77C2B8509A677676B12DC286D083A07EA67EBA4B	5B6A37F39B36AF7F	good	-	-	1521899223.000000	1522504023.000000
1521912349.403448	FCWu5N1bOR6u8vJpxg	sha1	F6EDB0636232819A35F68D75A09D024A11AA6CAD	77C2B8509A677676B12DC286D083A07EA67EBA4B	7AEE77D0AA874D3A	good	-	-	1521899624.000000	1522504424.000000
1521912353.530189	FZ6QeFhWVHlPWZGif	sha1	F6EDB0636232819A35F68D75A09D024A11AA6CAD	77C2B8509A677676B12DC286D083A07EA67EBA4B	6F2AB3C8D104ED87	good	-	-	1521899200.000000	1522504000.000000
1521912357.781180	FKgpEi4R1VmI74Ntck	sha1	CEA633847FA2C6D73E768EA031C03953C6868E0A	40096167F0BC83714FDE12082C6FD4D42B763D96	67F3B3055A9852ED4AA48CAD7266B2F5	good	-	-	1521595969.000000	1522200769.000000
1521912358.373510	F8CcNV1ltcJW3Edodd	sha1	CEA633847FA2C6D73E768EA031C03953C6868E0A	40096167F0BC83714FDE12082C6FD4D42B763D96	549BBCE65663F4CFBE003E9DA7957F57	good	-	-	1521658815.000000	1522263615.000000
1521912358.466081	FyX7wj4P8GXu3QxAX3	sha1	F6EDB0636232819A35F68D75A09D024A11AA6CAD	77C2B8509A677676B12DC286D083A07EA67EBA4B	1DDEE8C5D3AEF314	good	-	-	1521899752.000000	1522504552.000000
1521912360.787053	FMcrWI3hk6lTKC9VU6	sha1	B6080D5F6C6B76EB13E438A5F8660BA85233344E	40C2BD278ECC348330A233D7FB6CB3F0B42C80CE	A80B9B37F7C73200	good	-	-	1521911060.000000	1522040660.000000
1521912364.280923	FZ4OKR37aEkdAWwWvb	sha1	CF26F518FAC97E8F8CB342E01C2F6A109E8E5F0A	5168FF90AF0207753CCCD9656462A212B859723B	0E11BBD70D54B710D0C6F540B6B52CA4	good	-	-	1521560232.000000	1522162332.000000
1521912364.992375	Farhe13sGcwtEfEq83	sha1	CF26F518FAC97E8F8CB342E01C2F6A109E8E5F0A	5168FF90AF0207753CCCD9656462A212B859723B	083A84592F77F2E7951BF887CEDEC966	good	-	-	1521450818.000000	1522052918.000000
1521912364.992989	FEczVo47JP4bAbHp9k	sha1	CF26F518FAC97E8F8CB342E01C2F6A109E8E5F0A	5168FF90AF0207753CCCD9656462A212B859723B	083A84592F77F2E7951BF887CEDEC966	good	-	-	1521450818.000000	1522052918.000000
1521912364.994488	FTeXKc2RlmxN2BnHNd	sha1	CF26F518FAC97E8F8CB342E01C2F6A109E8E5F0A	5168FF90AF0207753CCCD9656462A212B859723B	083A84592F77F2E7951BF887CEDEC966	good	-	-	1521450818.000000	1522052918.000000
1521912365.004879	FoccEx1ThpfqwL09zl	sha1	CF26F518FAC97E8F8CB342E01C2F6A109E8E5F0A	5168FF90AF0207753CCCD9656462A212B859723B	083A84592F77F2E7951BF887CEDEC966	good	-	-	1521450818.000000	1522052918.000000
1521912372.218441	FGGIJnkLQq7GKuQgj	sha1	CF26F518FAC97E8F8CB342E01C2F6A109E8E5F0A	5168FF90AF0207753CCCD9656462A212B859723B	0E11BBD70D54B710D0C6F540B6B52CA4	good	-	-	1521560232.000000	1522162332.000000
1521912374.421409	FxPa9w301O3suK1s0f	sha1	D1B1648B8C9F0DD16BA38ACD2B5017D5F9CFC064	5F60CF619055DF8443148A602AB2F57AF44318EF	04633CA9FF31BDFA5029BFDF0EA177E7	good	-	-	1521565566.000000	1522170366.000000
1521912382.977919	FYr3253IcB8BNtMVV7	sha1	CF26F518FAC97E8F8CB342E01C2F6A109E8E5F0A	5168FF90AF0207753CCCD9656462A212B859723B	083A84592F77F2E7951BF887CEDEC966	good	-	-	1521450818.000000	1522052918.000000
1521912386.884254	FVpSWE3IBGHFYrxOlb	sha1	CF26F518FAC97E8F8CB342E01C2F6A109E8E5F0A	5168FF90AF0207753CCCD9656462A212B859723B	0B59DE6B3BE5DE37F7864497B03DFED8	good	-	-	1521879967.000000	1522482067.000000
1521912387.934475	FPBFXi2cBYgegBhild	sha1	CF26F518FAC97E8F8CB342E01C2F6A109E8E5F0A	5168FF90AF0207753CCCD9656462A212B859723B	0B59DE6B3BE5DE37F7864497B03DFED8	good	-	-	1521879967.000000	1522482067.000000
1521912387.948981	FtPLq34wB4sY0wEoYh	sha1	CF26F518FAC97E8F8CB342E01C2F6A109E8E5F0A	5168FF90AF0207753CCCD9656462A212B859723B	0B59DE6B3BE5DE37F7864497B03DFED8	good	-	-	1521879967.000000	1522482067.000000
1521912388.738109	FVAnfUbJQdaJbDFPl	sha1	84D56BF8098BD307B766D8E1EBAD6596AA6B6761	F5CDD53C0850F96A4F3AB797DA5683E669D268F7	2CB97792FE7BD6403B4530F3	good	-	-	1521760149.000000	1522105749.000000
1521912388.739344	FJOuu33XjZtpSpKa2	sha1	84D56BF8098BD307B766D8E1EBAD6596AA6B6761	F5CDD53C0850F96A4F3AB797DA5683E669D268F7	2CB97792FE7BD6403B4530F3	good	-	-	1521760149.000000	1522105749.000000
1521912404.518770	FfgFp21KhBDAHULuyb	sha1	CEA633847FA2C6D73E768EA031C03953C6868E0A	40096167F0BC83714FDE12082C6FD4D42B763D96	BF7C2058EF0BF0D70F0344D9F24A8A66	good	-	-	1521623182.000000	1522227982.000000
1521912417.924499	F4fgRo25gyaEzGYWCh	sha1	49F4BD8A18BF760698C5DE402D683B716AE4E686	3DD350A5D6A0ADEEF34A600A65D321D4F8F8D60F	038978C7D6C06C01C6CC5F228F65A5D2	good	-	-	1521572076.000000	1522174176.000000
1521912419.012795	Fz01cw3RchqFzcAh3k	sha1	CEA633847FA2C6D73E768EA031C03953C6868E0A	40096167F0BC83714FDE12082C6FD4D42B763D96	62CADD9C88183ECD666482E40DAB33E1	good	-	-	1521476961.000000	1522081761.000000
1521912419.122887	FRU6bSg529kBtGsPg	sha1	B6080D5F6C6B76EB13E438A5F8660BA85233344E	40C2BD278ECC348330A233D7FB6CB3F0B42C80CE	A80B9B37F7C73200	good	-	-	1521911060.000000	1522040660.000000
1521912419.178017	FfEnnx444mIwqFQGH9	sha1	12EADF46CC0880387360B65A691601CC0CB5E9E2	A92B87E1CE24473B1BBFCF853702559D0D9458E6	37B5B95D9FCECD68D4D7C011	good	-	-	1521819519.000000	1522165119.000000
1521912420.170656	FgddYa25znpl2z0bYk	sha1	CF26F518FAC97E8F8CB342E01C2F6A109E8E5F0A	5168FF90AF0207753CCCD9656462A212B859723B	0B59DE6B3BE5DE37F7864497B03DFED8	good	-	-	1521879967.000000	1522482067.000000
1521912421.248050	FhBJwg41vjuPZ2RBZg	sha1	2985FC613DBE2FB0120F5E420E4C9EC3D59EFD7C	08FE259F74EA8704C2BCBB8EA8385F33C6D16C65	2D00003299D7071DB7D1708A42000000003299	good	-	-	1521741277.000000	1522086877.000000
1521912422.041293	FkwrViQhN9TLCXFf3	sha1	CEA633847FA2C6D73E768EA031C03953C6868E0A	40096167F0BC83714FDE12082C6FD4D42B763D96	67F3B3055A9852ED4AA48CAD7266B2F5	good	-	-	1521595969.000000	1522200769.000000
1521912422.700302	FUJwVc3Msu2snVBjl9	sha1	CEA633847FA2C6D73E768EA031C03953C6868E0A	40096167F0BC83714FDE12082C6FD4D42B763D96	549BBCE65663F4CFBE003E9DA7957F57	good	-	-	1521658815.000000	1522263615.000000
1521912426.484784	FGemV73rNHpSrIexYe	sha1	F6EDB0636232819A35F68D75A09D024A11AA6CAD	77C2B8509A677676B12DC286D083A07EA67EBA4B	7AEE77D0AA874D3A	good	-	-	1521899624.000000	1522504424.000000
1521912427.086819	Fg5Zpp3B0NE61dxHx7	sha1	F6EDB0636232819A35F68D75A09D024A11AA6CAD	77C2B8509A677676B12DC286D083A07EA67EBA4B	6F2AB3C8D104ED87	good	-	-	1521899200.000000	1522504000.000000
1521912427.129157	FJ2yLRn3OLLRmQeD1	sha1	105FA67A80089DB5279F35CE830B43889EA3C70D	0F80611C823161D52F28E78D4638B42CE1C6D9E2	0CA9C64361BFC92A79B1DD9CFB9E48EC	good	-	-	1521891067.000000	1522493167.000000
1521912429.382462	F5m1wA4DUDv7k0C71	sha1	49F4BD8A18BF760698C5DE402D683B716AE4E686	3DD350A5D6A0ADEEF34A600A65D321D4F8F8D60F	07CA704F1AFAF178F2ADB289DE3851AA	good	-	-	1521893503.000000	1522495603.000000
1521912429.548930	FTbwae2oxXNCrnPbj	sha1	B6080D5F6C6B76EB13E438A5F8660BA85233344E	40C2BD278ECC348330A233D7FB6CB3F0B42C80CE	6757797FFB5AE14F	good	-	-	1521894626.000000	1522024226.000000
1521912429.987045	FhIoxf42U8xxJ5nb21	sha1	CEA633847FA2C6D73E768EA031C03953C6868E0A	40096167F0BC83714FDE12082C6FD4D42B763D96	549BBCE65663F4CFBE003E9DA7957F57	good	-	-	1521658815.000000	1522263615.000000
1521912429.987217	FwnJ743MfSbwUpzKBf	sha1	CEA633847FA2C6D73E768EA031C03953C6868E0A	40096167F0BC83714FDE12082C6FD4D42B763D96	549BBCE65663F4CFBE003E9DA7957F57	good	-	-	1521658815.000000	1522263615.000000
1521912429.988118	FDNPUz1k0NkGBEggsb	sha1	CEA633847FA2C6D73E768EA031C03953C6868E0A	40096167F0BC83714FDE12082C6FD4D42B763D96	549BBCE65663F4CFBE003E9DA7957F57	good	-	-	1521658815.000000	1522263615.000000
1521912429.988793	FD78bp4S6yMt6BbrZ2	sha1	CEA633847FA2C6D73E768EA031C03953C6868E0A	40096167F0BC83714FDE12082C6FD4D42B763D96	549BBCE65663F4CFBE003E9DA7957F57	good	-	-	1521658815.000000	1522263615.000000
1521912429.989412	FaOuwY113hD5In5fc7	sha1	CEA633847FA2C6D73E768EA031C03953C6868E0A	40096167F0BC83714FDE12082C6FD4D42B763D96	549BBCE65663F4CFBE003E9DA7957F57	good	-	-	1521658815.000000	1522263615.000000
1521912429.989464	FuIVGe4HN4Uk8aQhhd	sha1	CEA633847FA2C6D73E768EA031C03953C6868E0A	40096167F0BC83714FDE12082C6FD4D42B763D96	549BBCE65663F4CFBE003E9DA7957F57	good	-	-	1521658815.000000	1522263615.000000
1521912430.222809	FL39yw2HOvLYlvYU57	sha1	F6EDB0636232819A35F68D75A09D024A11AA6CAD	77C2B8509A677676B12DC286D083A07EA67EBA4B	1DDEE8C5D3AEF314	good	-	-	1521899752.000000	1522504552.000000
1521912430.302915	FGACQF1mah82ygLgWa	sha1	B6080D5F6C6B76EB13E438A5F8660BA85233344E	40C2BD278ECC348330A233D7FB6CB3F0B42C80CE	6757797FFB5AE14F	good	-	-	1521894626.000000	1522024226.000000
1521912431.259434	FR8HW13XlZwmVLB6ib	sha1	74241467069FF5E0983F5E3E1A6BA0652A541575	0159ABE7DD3A0B59A66463D6CF200757D591E76A	28E37C03923C903ED7C9676DBE745712	good	-	-	1521854760.000000	1522459560.000000
1521912431.290489	F03GuwSKTDWfgx8ga	sha1	105FA67A80089DB5279F35CE830B43889EA3C70D	0F80611C823161D52F28E78D4638B42CE1C6D9E2	0D2E91B9FFCDE2F6763C5B46B97162A9	good	-	-	1521894806.000000	1522496906.000000
1521912432.263537	FP6aI2qy8wvxDNUXh	sha1	CF26F518FAC97E8F8CB342E01C2F6A109E8E5F0A	5168FF90AF0207753CCCD9656462A212B859723B	0B3C3B601A18F59EE2B6BB05605EF2C0	good	-	-	1521879940.000000	1522482040.000000
1521912435.248151	FLMyWF3qyNqlHThEn	sha1	CEA633847FA2C6D73E768EA031C03953C6868E0A	40096167F0BC83714FDE12082C6FD4D42B763D96	C4B166749949C9564D9C7956B41FC925	good	-	-	1521673629.000000	1522278429.000000
1521912435.248652	FkAgRt2HSr13AOrDPc	sha1	CEA633847FA2C6D73E768EA031C03953C6868E0A	40096167F0BC83714FDE12082C6FD4D42B763D96	C4B166749949C9564D9C7956B41FC925	good	-	-	1521673629.000000	1522278429.000000
1521912435.451412	FzGali3I6OAJ6KHEP	sha1	CEA633847FA2C6D73E768EA031C03953C6868E0A	40096167F0BC83714FDE12082C6FD4D42B763D96	C4B166749949C9564D9C7956B41FC925	good	-	-	1521673629.000000	1522278429.000000
1521912435.451834	FMwxQB4zRgKlgCpKy	sha1	CEA633847FA2C6D73E768EA031C03953C6868E0A	40096167F0BC83714FDE12082C6FD4D42B763D96	C4B166749949C9564D9C7956B41FC925	good	-	-	1521673629.000000	1522278429.000000
1521912442.893943	FdtZ933fc0dkFl5USg	sha1	105FA67A80089DB5279F35CE830B43889EA3C70D	0F80611C823161D52F28E78D4638B42CE1C6D9E2	08CF7DA9B222C9D983C50D993F2F5437	good	-	-	1521537387.000000	1522139487.000000
1521912443.411906	FQgjZy3siB1BIhymwe	sha1	105FA67A80089DB5279F35CE830B43889EA3C70D	0F80611C823161D52F28E78D4638B42CE1C6D9E2	08CF7DA9B222C9D983C50D993F2F5437	good	-	-	1521537387.000000	1522139487.000000
1521912443.529527	F6PcAh2gncSIpzlg36	sha1	105FA67A80089DB5279F35CE830B43889EA3C70D	0F80611C823161D52F28E78D4638B42CE1C6D9E2	09868A717413B0BE9B62406C6B958179	good	-	-	1521897519.000000	1522499619.000000
1521912449.250591	F1x0ui1iXPKnu8rtK5	sha1	105FA67A80089DB5279F35CE830B43889EA3C70D	0F80611C823161D52F28E78D4638B42CE1C6D9E2	070526ADF979600175E3DB16E28C20FB	good	-	-	1521655740.000000	1522257840.000000
1521912450.983170	FcJQ1i1H6o0ft2nqAk	sha1	CEA633847FA2C6D73E768EA031C03953C6868E0A	40096167F0BC83714FDE12082C6FD4D42B763D96	C4B166749949C9564D9C7956B41FC925	good	-	-	1521673629.000000	1522278429.000000
1521912450.986354	FqO7JY2Gq57TdwOwJi	sha1	CEA633847FA2C6D73E768EA031C03953C6868E0A	40096167F0BC83714FDE12082C6FD4D42B763D96	C4B166749949C9564D9C7956B41FC925	good	-	-	1521673629.000000	1522278429.000000
1521912452.114852	FKizGJ1gawEWH4TgEj	sha1	7EE66AE7729AB3FCF8A220646C16A12D6071085D	A84A6A63047DDDBAE6D139B7A64565EFF3A8ECA1	03A81AA80AF4835ADC1C581D2BBAFF0AD642	good	-	-	1521727200.000000	1522332000.000000
1521912452.609851	F4tLV53swIyEXWLP6f	sha1	7EE66AE7729AB3FCF8A220646C16A12D6071085D	A84A6A63047DDDBAE6D139B7A64565EFF3A8ECA1	03A52DFB00B4C8229D5BAD5B9B5BAE0CBEC4	good	-	-	1521727200.000000	1522332000.000000
1521912453.248597	FqE9c83u8WWdpPVpu9	sha1	7EE66AE7729AB3FCF8A220646C16A12D6071085D	A84A6A63047DDDBAE6D139B7A64565EFF3A8ECA1	035BE1C97EA1788870FC3E3370841A695BE3	good	-	-	1521727200.000000	1522332000.000000
1521912460.769596	Fuf0ZN1OHKEZ9aEwV	sha1	105FA67A80089DB5279F35CE830B43889EA3C70D	0F80611C823161D52F28E78D4638B42CE1C6D9E2	08CF7DA9B222C9D983C50D993F2F5437	good	-	-	1521537387.000000	1522139487.000000
1521912460.814871	F0G0IfdC2MiUPRkff	sha1	105FA67A80089DB5279F35CE830B43889EA3C70D	0F80611C823161D52F28E78D4638B42CE1C6D9E2	08CF7DA9B222C9D983C50D993F2F5437	good	-	-	1521537387.000000	1522139487.000000
1521912460.814921	FoOAMk3yAehaqzYXt4	sha1	105FA67A80089DB5279F35CE830B43889EA3C70D	0F80611C823161D52F28E78D4638B42CE1C6D9E2	08CF7DA9B222C9D983C50D993F2F5437	good	-	-	1521537387.000000	1522139487.000000
1521912460.846101	FXt3Fl2W90wrGa3uRj	sha1	105FA67A80089DB5279F35CE830B43889EA3C70D	0F80611C823161D52F28E78D4638B42CE1C6D9E2	08CF7DA9B222C9D983C50D993F2F5437	good	-	-	1521537387.000000	1522139487.000000
1521912460.908600	FZhbcu4srCj7QjvHIg	sha1	105FA67A80089DB5279F35CE830B43889EA3C70D	0F80611C823161D52F28E78D4638B42CE1C6D9E2	08CF7DA9B222C9D983C50D993F2F5437	good	-	-	1521537387.000000	1522139487.000000
1521912460.924294	FNhZln3aY3xFQ38df9	sha1	105FA67A80089DB5279F35CE830B43889EA3C70D	0F80611C823161D52F28E78D4638B42CE1C6D9E2	08CF7DA9B222C9D983C50D993F2F5437	good	-	-	1521537387.000000	1522139487.000000
1521912460.971030	FDGpKh39J9wHWYoFR9	sha1	105FA67A80089DB5279F35CE830B43889EA3C70D	0F80611C823161D52F28E78D4638B42CE1C6D9E2	08CF7DA9B222C9D983C50D993F2F5437	good	-	-	1521537387.000000	1522139487.000000
1521912461.002208	FyzDOY2QqA9YpPzk7b	sha1	105FA67A80089DB5279F35CE830B43889EA3C70D	0F80611C823161D52F28E78D4638B42CE1C6D9E2	08CF7DA9B222C9D983C50D993F2F5437	good	-	-	1521537387.000000	1522139487.000000
1521912488.486052	F5ycCi2UyN0iz00T8l	sha1	D1B1648B8C9F0DD16BA38ACD2B5017D5F9CFC064	5F60CF619055DF8443148A602AB2F57AF44318EF	09EE3313E895CC8C6582377536C3C22F	good	-	-	1521468395.000000	1522073195.000000
1521912488.582457	Fa2M2Y3gysi0MeXbVg	sha1	12EADF46CC0880387360B65A691601CC0CB5E9E2	A92B87E1CE24473B1BBFCF853702559D0D9458E6	30C6AAAF40F2D8BA55153F88	good	-	-	1521894360.000000	1522239960.000000
1521912488.761204	Fu3fEr1C27lyZnbAoi	sha1	12EADF46CC0880387360B65A691601CC0CB5E9E2	A92B87E1CE24473B1BBFCF853702559D0D9458E6	762CA49C0F2708C53B105B94	good	-	-	1521898676.000000	1522244276.000000
1521912488.775240	F2cYDA16VBF0OIajs7	sha1	12EADF46CC0880387360B65A691601CC0CB5E9E2	A92B87E1CE24473B1BBFCF853702559D0D9458E6	210879A6D38EDF7AA38F47F7	good	-	-	1521906475.000000	1522252075.000000
1521912488.791956	Fi8KXZ3VP6LNBNtf6b	sha1	12EADF46CC0880387360B65A691601CC0CB5E9E2	A92B87E1CE24473B1BBFCF853702559D0D9458E6	210879A6D38EDF7AA38F47F7	good	-	-	1521906475.000000	1522252075.000000
1521912490.209917	F71i6y4SYqZcmM79id	sha1	12EADF46CC0880387360B65A691601CC0CB5E9E2	A92B87E1CE24473B1BBFCF853702559D0D9458E6	6D2776F639A7B4A96EE091B2	good	-	-	1521893213.000000	1522238813.000000
1521912490.525389	FJE12K3CL9B7J3XvFi	sha1	12EADF46CC0880387360B65A691601CC0CB5E9E2	A92B87E1CE24473B1BBFCF853702559D0D9458E6	210879A6D38EDF7AA38F47F7	good	-	-	1521906475.000000	1522252075.000000
1521912490.608744	F11dIl1JDlaAI8kut3	sha1	12EADF46CC0880387360B65A691601CC0CB5E9E2	A92B87E1CE24473B1BBFCF853702559D0D9458E6	76DA5993992DCAD802775EE5	good	-	-	1521895249.000000	1522240849.000000
1521912490.868888	Fnb87r11nGAR7x2vdj	sha1	105FA67A80089DB5279F35CE830B43889EA3C70D	0F80611C823161D52F28E78D4638B42CE1C6D9E2	0ABFDFA0D326FF061BC7ADFA62091075	good	-	-	1521454993.000000	1522057093.000000
1521912490.988448	FA7Kjn21Xu8aBfBFFe	sha1	CF26F518FAC97E8F8CB342E01C2F6A109E8E5F0A	5168FF90AF0207753CCCD9656462A212B859723B	0B59DE6B3BE5DE37F7864497B03DFED8	good	-	-	1521879967.000000	1522482067.000000
1521912490.992089	Fe5P8w1lhbdNcNrXCk	sha1	CF26F518FAC97E8F8CB342E01C2F6A109E8E5F0A	5168FF90AF0207753CCCD9656462A212B859723B	0B59DE6B3BE5DE37F7864497B03DFED8	good	-	-	1521879967.000000	1522482067.000000
1521912491.023427	FRmdNs31ToYNQ5Asqj	sha1	105FA67A80089DB5279F35CE830B43889EA3C70D	0F80611C823161D52F28E78D4638B42CE1C6D9E2	0ABFDFA0D326FF061BC7ADFA62091075	good	-	-	1521454993.000000	1522057093.000000
1521912493.415415	ForHrA1XL1oNq0SON2	sha1	CF26F518FAC97E8F8CB342E01C2F6A109E8E5F0A	5168FF90AF0207753CCCD9656462A212B859723B	083A84592F77F2E7951BF887CEDEC966	good	-	-	1521450818.000000	1522052918.000000
1521912493.424753	FJ6lyY1BcdCcj02eYc	sha1	12EADF46CC0880387360B65A691601CC0CB5E9E2	A92B87E1CE24473B1BBFCF853702559D0D9458E6	235BB76AB086AFD8F1E58278	good	-	-	1521694245.000000	1522039845.000000
1521912502.354056	FUUZ581t7dCCVz6Pzf	sha1	D1B1648B8C9F0DD16BA38ACD2B5017D5F9CFC064	5F60CF619055DF8443148A602AB2F57AF44318EF	09EE3313E895CC8C6582377536C3C22F	good	-	-	1521468395.000000	1522073195.000000
1521912502.400592	FVL4g948NYyyOtjBde	sha1	D1B1648B8C9F0DD16BA38ACD2B5017D5F9CFC064	5F60CF619055DF8443148A602AB2F57AF44318EF	09EE3313E895CC8C6582377536C3C22F	good	-	-	1521468395.000000	1522073195.000000
1521912506.782805	FRVSSQ3IopkgFPsq9e	sha1	B6080D5F6C6B76EB13E438A5F8660BA85233344E	40C2BD278ECC348330A233D7FB6CB3F0B42C80CE	61902ACA1F159D5D	good	-	-	1521909840.000000	1522039440.000000
1521912506.825051	Fp8vZP3xJTMvzd3nbd	sha1	B6080D5F6C6B76EB13E438A5F8660BA85233344E	40C2BD278ECC348330A233D7FB6CB3F0B42C80CE	61902ACA1F159D5D	good	-	-	1521909840.000000	1522039440.000000
1521912507.796387	FwVhjh16q5Jeq23wJe	sha1	B6080D5F6C6B76EB13E438A5F8660BA85233344E	40C2BD278ECC348330A233D7FB6CB3F0B42C80CE	A80B9B37F7C73200	good	-	-	1521911060.000000	1522040660.000000
1521912508.164266	F2YSmG37KJA2VLt1ad	sha1	F6EDB0636232819A35F68D75A09D024A11AA6CAD	77C2B8509A677676B12DC286D083A07EA67EBA4B	5974BE5D89D08A51	good	-	-	1521898788.000000	1522503588.000000
1521912510.756810	F5Krek4lM7PSS4Xu5c	sha1	7AE13EE8A0C42A2CB428CBE7A605461940E2A1E9	90AF6A3A945A0BD890EA125673DF43B43A28DAE7	01443027ADB0544CF07EAB358331E22E	good	-	-	1521615787.000000	1522220587.000000
1521912510.815481	Fv6sYK1I6WVgAB6S3h	sha1	7AE13EE8A0C42A2CB428CBE7A605461940E2A1E9	90AF6A3A945A0BD890EA125673DF43B43A28DAE7	01443027ADB0544CF07EAB358331E22E	good	-	-	1521615787.000000	1522220587.000000
1521912510.817093	FKqh5x1FIbaR6H0Lg	sha1	7AE13EE8A0C42A2CB428CBE7A605461940E2A1E9	90AF6A3A945A0BD890EA125673DF43B43A28DAE7	01443027ADB0544CF07EAB358331E22E	good	-	-	1521615787.000000	1522220587.000000
1521912510.818570	FXDCx41Xair3l3QDl	sha1	7AE13EE8A0C42A2CB428CBE7A605461940E2A1E9	90AF6A3A945A0BD890EA125673DF43B43A28DAE7	01443027ADB0544CF07EAB358331E22E	good	-	-	1521615787.000000	1522220587.000000
1521912511.572672	FkMQ071grTRIyQpILe	sha1	7AE13EE8A0C42A2CB428CBE7A605461940E2A1E9	90AF6A3A945A0BD890EA125673DF43B43A28DAE7	01443027ADB0544CF07EAB358331E22E	good	-	-	1521615787.000000	1522220587.000000
1521912511.573879	Fyfy8uvPRwB06oube	sha1	7AE13EE8A0C42A2CB428CBE7A605461940E2A1E9	90AF6A3A945A0BD890EA125673DF43B43A28DAE7	01443027ADB0544CF07EAB358331E22E	good	-	-	1521615787.000000	1522220587.000000
1521912511.574229	Fk64BWJJGZrpq6oV8	sha1	7AE13EE8A0C42A2CB428CBE7A605461940E2A1E9	90AF6A3A945A0BD890EA125673DF43B43A28DAE7	01443027ADB0544CF07EAB358331E22E	good	-	-	1521615787.000000	1522220587.000000
1521912511.574253	Fm8gqE3W6MH0x7rzzc	sha1	7AE13EE8A0C42A2CB428CBE7A605461940E2A1E9	90AF6A3A945A0BD890EA125673DF43B43A28DAE7	01443027ADB0544CF07EAB358331E22E	good	-	-	1521615787.000000	1522220587.000000
1521912511.574489	FXw0sNM3DC0BRzH85	sha1	7AE13EE8A0C42A2CB428CBE7A605461940E2A1E9	90AF6A3A945A0BD890EA125673DF43B43A28DAE7	01443027ADB0544CF07EAB358331E22E	good	-	-	1521615787.000000	1522220587.000000
1521912511.574507	FojwAW3L9NSJXarpL1	sha1	7AE13EE8A0C42A2CB428CBE7A605461940E2A1E9	90AF6A3A945A0BD890EA125673DF43B43A28DAE7	01443027ADB0544CF07EAB358331E22E	good	-	-	1521615787.000000	1522220587.000000
1521912514.169745	FeWrNi18ECwRRPjL57	sha1	7AE13EE8A0C42A2CB428CBE7A605461940E2A1E9	90AF6A3A945A0BD890EA125673DF43B43A28DAE7	01443027ADB0544CF07EAB358331E22E	good	-	-	1521615787.000000	1522220587.000000
1521912535.912456	FEEjpc1vTt1cCrw47d	sha1	74241467069FF5E0983F5E3E1A6BA0652A541575	0159ABE7DD3A0B59A66463D6CF200757D591E76A	3B6E483BC176FFBC81BF94C8B9E47207	good	-	-	1521592995.000000	1522197795.000000
1521912538.328125	FD1sKQfjmAOE9KPV5	sha1	777A7BA877D6F10F1CE9202196FB6B1A6E37F5ED	9058FFB09C75A8515477B1EDF2A34316389E6CC5	07DA4BAFE957399F312B6FC3D487C874	good	-	-	1521828710.000000	1522430810.000000
1521912538.528329	FyJ3Fr4xQ6VwFkjkT4	sha1	777A7BA877D6F10F1CE9202196FB6B1A6E37F5ED	9058FFB09C75A8515477B1EDF2A34316389E6CC5	07DA4BAFE957399F312B6FC3D487C874	good	-	-	1521828710.000000	1522430810.000000
1521912538.530190	FKcTuf2b4RK8gAxAyg	sha1	777A7BA877D6F10F1CE9202196FB6B1A6E37F5ED	9058FFB09C75A8515477B1EDF2A34316389E6CC5	07DA4BAFE957399F312B6FC3D487C874	good	-	-	1521828710.000000	1522430810.000000
1521912538.531039	FIeSHN3tgSOfFwcmqg	sha1	777A7BA877D6F10F1CE9202196FB6B1A6E37F5ED	9058FFB09C75A8515477B1EDF2A34316389E6CC5	07DA4BAFE957399F312B6FC3D487C874	good	-	-	1521828710.000000	1522430810.000000
1521912538.531677	FWEzRi15IhOUxjUKUk	sha1	777A7BA877D6F10F1CE9202196FB6B1A6E37F5ED	9058FFB09C75A8515477B1EDF2A34316389E6CC5	07DA4BAFE957399F312B6FC3D487C874	good	-	-	1521828710.000000	1522430810.000000
1521912538.532024	FGXFYn3AMzHrqed93g	sha1	777A7BA877D6F10F1CE9202196FB6B1A6E37F5ED	9058FFB09C75A8515477B1EDF2A34316389E6CC5	07DA4BAFE957399F312B6FC3D487C874	good	-	-	1521828710.000000	1522430810.000000
1521912538.533218	Fpvyee2PPUWibe0uCi	sha1	777A7BA877D6F10F1CE9202196FB6B1A6E37F5ED	9058FFB09C75A8515477B1EDF2A34316389E6CC5	07DA4BAFE957399F312B6FC3D487C874	good	-	-	1521828710.000000	1522430810.000000
1521912538.935958	FMJ5mF2sFrUJydRtKh	sha1	777A7BA877D6F10F1CE9202196FB6B1A6E37F5ED	9058FFB09C75A8515477B1EDF2A34316389E6CC5	07DA4BAFE957399F312B6FC3D487C874	good	-	-	1521828710.000000	1522430810.000000
1521912538.937704	FQFOCo4QQCiyWByK09	sha1	777A7BA877D6F10F1CE9202196FB6B1A6E37F5ED	9058FFB09C75A8515477B1EDF2A34316389E6CC5	07DA4BAFE957399F312B6FC3D487C874	good	-	-	1521828710.000000	1522430810.000000
1521912538.940819	FrHu9Y1v2kymWmHp1a	sha1	777A7BA877D6F10F1CE9202196FB6B1A6E37F5ED	9058FFB09C75A8515477B1EDF2A34316389E6CC5	07DA4BAFE957399F312B6FC3D487C874	good	-	-	1521828710.000000	1522430810.000000
1521912538.948048	F5PMjNkyIu9rijyD	sha1	777A7BA877D6F10F1CE9202196FB6B1A6E37F5ED	9058FFB09C75A8515477B1EDF2A34316389E6CC5	07DA4BAFE957399F312B6FC3D487C874	good	-	-	1521828710.000000	1522430810.000000
1521912539.530169	Fz6FgW22yR33zNtilj	sha1	CF26F518FAC97E8F8CB342E01C2F6A109E8E5F0A	5168FF90AF0207753CCCD9656462A212B859723B	0347735D79DB8E397CE02DE70F4FBC6D	good	-	-	1521896031.000000	1522498131.000000
1521912539.530351	F5Wq5w3qSfqR0cEm2	sha1	CF26F518FAC97E8F8CB342E01C2F6A109E8E5F0A	5168FF90AF0207753CCCD9656462A212B859723B	0347735D79DB8E397CE02DE70F4FBC6D	good	-	-	1521896031.000000	1522498131.000000
1521912540.375631	FV64Lx2KXh2cXaaTo4	sha1	7EE66AE7729AB3FCF8A220646C16A12D6071085D	A84A6A63047DDDBAE6D139B7A64565EFF3A8ECA1	031327EE37C81E4C8A7FB52A4544EB4E35A9	good	-	-	1521676800.000000	1522281600.000000
1521912540.528463	Fq46Z41mUX7pE76V8h	sha1	CF26F518FAC97E8F8CB342E01C2F6A109E8E5F0A	5168FF90AF0207753CCCD9656462A212B859723B	0E11BBD70D54B710D0C6F540B6B52CA4	good	-	-	1521560232.000000	1522162332.000000
1521912541.083107	Fm2DDR29Ytw1RN6a6g	sha1	B6080D5F6C6B76EB13E438A5F8660BA85233344E	40C2BD278ECC348330A233D7FB6CB3F0B42C80CE	A80B9B37F7C73200	good	-	-	1521911060.000000	1522040660.000000
1521912541.088069	FqHn4p2bJ5hut3M5qd	sha1	B6080D5F6C6B76EB13E438A5F8660BA85233344E	40C2BD278ECC348330A233D7FB6CB3F0B42C80CE	A80B9B37F7C73200	good	-	-	1521911060.000000	1522040660.000000
1521912541.089438	Fnyazq3C7kKsWkECX5	sha1	B6080D5F6C6B76EB13E438A5F8660BA85233344E	40C2BD278ECC348330A233D7FB6CB3F0B42C80CE	A80B9B37F7C73200	good	-	-	1521911060.000000	1522040660.000000
1521912541.092997	Fut9463dDduPdj3iLj	sha1	B6080D5F6C6B76EB13E438A5F8660BA85233344E	40C2BD278ECC348330A233D7FB6CB3F0B42C80CE	A80B9B37F7C73200	good	-	-	1521911060.000000	1522040660.000000
1521912541.175133	Fh8QIO1EuOK8QkBRk1	sha1	F6EDB0636232819A35F68D75A09D024A11AA6CAD	77C2B8509A677676B12DC286D083A07EA67EBA4B	1DDEE8C5D3AEF314	good	-	-	1521899752.000000	1522504552.000000
1521912541.181116	FA2yvjCylDP3jNkAf	sha1	F6EDB0636232819A35F68D75A09D024A11AA6CAD	77C2B8509A677676B12DC286D083A07EA67EBA4B	1DDEE8C5D3AEF314	good	-	-	1521899752.000000	1522504552.000000
1521912541.238399	Fotj7n3fqp5uilW60a	sha1	F6EDB0636232819A35F68D75A09D024A11AA6CAD	77C2B8509A677676B12DC286D083A07EA67EBA4B	1DDEE8C5D3AEF314	good	-	-	1521899752.000000	1522504552.000000
1521912541.827449	FCAyaRlMYQ9yo7cO2	sha1	CF26F518FAC97E8F8CB342E01C2F6A109E8E5F0A	5168FF90AF0207753CCCD9656462A212B859723B	08EE8C043FCB4E6E4E782350FE450E09	good	-	-	1521882960.000000	1522485060.000000
1521912542.388899	FBLEg64CqyxZ4GFNY	sha1	7EE66AE7729AB3FCF8A220646C16A12D6071085D	A84A6A63047DDDBAE6D139B7A64565EFF3A8ECA1	031EBC5FD57C7FB229CA42CEFBF277D1CC85	good	-	-	1521766800.000000	1522371600.000000
1521912542.457765	F3xC043HYBidxkwy34	sha1	A87E303106E4E88565CFE952598FA6DA7C00532F	246E2B2DD06A925151256901AA9A47A689E74020	0295297988AA3A16DAF8B00CA8225CE8	good	-	-	1521881460.000000	1522483560.000000
1521912542.457849	FCj6mM2g1TwZ30ytyg	sha1	A87E303106E4E88565CFE952598FA6DA7C00532F	246E2B2DD06A925151256901AA9A47A689E74020	0295297988AA3A16DAF8B00CA8225CE8	good	-	-	1521881460.000000	1522483560.000000
1521912542.463484	FasDJu3zAprT3cZGVb	sha1	A87E303106E4E88565CFE952598FA6DA7C00532F	246E2B2DD06A925151256901AA9A47A689E74020	0295297988AA3A16DAF8B00CA8225CE8	good	-	-	1521881460.000000	1522483560.000000
1521912542.463686	FkoWDoH6EaSO7lA33	sha1	A87E303106E4E88565CFE952598FA6DA7C00532F	246E2B2DD06A925151256901AA9A47A689E74020	0295297988AA3A16DAF8B00CA8225CE8	good	-	-	1521881460.000000	1522483560.000000
1521912542.465705	F3v2rj4AXSSSNwAUVf	sha1	A87E303106E4E88565CFE952598FA6DA7C00532F	246E2B2DD06A925151256901AA9A47A689E74020	0295297988AA3A16DAF8B00CA8225CE8	good	-	-	1521881460.000000	1522483560.000000
1521912542.466179	Fhu9NWE9m7nEocsu1	sha1	A87E303106E4E88565CFE952598FA6DA7C00532F	246E2B2DD06A925151256901AA9A47A689E74020	0295297988AA3A16DAF8B00CA8225CE8	good	-	-	1521881460.000000	1522483560.000000
1521912542.549446	F4JUJm3VG2bWQnFDri	sha1	B6080D5F6C6B76EB13E438A5F8660BA85233344E	40C2BD278ECC348330A233D7FB6CB3F0B42C80CE	61902ACA1F159D5D	good	-	-	1521909840.000000	1522039440.000000
1521912542.847221	FRCRn11wwmtj7qE636	sha1	105FA67A80089DB5279F35CE830B43889EA3C70D	0F80611C823161D52F28E78D4638B42CE1C6D9E2	0ABFDFA0D326FF061BC7ADFA62091075	good	-	-	1521454993.000000	1522057093.000000
1521912542.920375	FqWLyAZdj1oLHQtkg	sha1	7AE13EE8A0C42A2CB428CBE7A605461940E2A1E9	90AF6A3A945A0BD890EA125673DF43B43A28DAE7	A99DE1632844A825E91E8180A61162A9	good	-	-	1521656998.000000	1522261798.000000
1521912542.969744	FEwyn41A1DszUi2rxg	sha1	7EE66AE7729AB3FCF8A220646C16A12D6071085D	A84A6A63047DDDBAE6D139B7A64565EFF3A8ECA1	034680B1BC0B85D17A1686A9D1446EA3A040	good	-	-	1521853200.000000	1522458000.000000
1521912543.337578	FcrN6M3AJBrCYFxjCf	sha1	7AE13EE8A0C42A2CB428CBE7A605461940E2A1E9	90AF6A3A945A0BD890EA125673DF43B43A28DAE7	A379E86967D272C6B455A2454024CADB	good	-	-	1521839011.000000	1522443811.000000
1521912543.434184	FOSvkg4gYHjVdaXAca	sha1	105FA67A80089DB5279F35CE830B43889EA3C70D	0F80611C823161D52F28E78D4638B42CE1C6D9E2	0ABFDFA0D326FF061BC7ADFA62091075	good	-	-	1521454993.000000	1522057093.000000
1521912543.487139	FW1E8g1f11QM64tXJk	sha1	7EE66AE7729AB3FCF8A220646C16A12D6071085D	A84A6A63047DDDBAE6D139B7A64565EFF3A8ECA1	0359062F0995963DE9BB2C9365DDD2E365C4	good	-	-	1521882000.000000	1522486800.000000
1521912543.487204	F1qkkc1GHgXjMcCZea	sha1	7EE66AE7729AB3FCF8A220646C16A12D6071085D	A84A6A63047DDDBAE6D139B7A64565EFF3A8ECA1	0359062F0995963DE9BB2C9365DDD2E365C4	good	-	-	1521882000.000000	1522486800.000000
1521912543.510103	F5wxzu2V6TPFr3rkKh	sha1	B6080D5F6C6B76EB13E438A5F8660BA85233344E	40C2BD278ECC348330A233D7FB6CB3F0B42C80CE	24FB57671F9BD416	good	-	-	1521909896.000000	1522039496.000000
1521912543.559881	FnUKWb3dRmTq7vCCAj	sha1	105FA67A80089DB5279F35CE830B43889EA3C70D	0F80611C823161D52F28E78D4638B42CE1C6D9E2	0ABFDFA0D326FF061BC7ADFA62091075	good	-	-	1521454993.000000	1522057093.000000
1521912543.647339	Fdx2b742w0eWKC75B4	sha1	CEA633847FA2C6D73E768EA031C03953C6868E0A	40096167F0BC83714FDE12082C6FD4D42B763D96	EBB96E2A8D5A8BBC2645198CE6B4EB6D	good	-	-	1521733364.000000	1522338164.000000
1521912543.669914	F3u59A15c4U3HLyae2	sha1	CEA633847FA2C6D73E768EA031C03953C6868E0A	40096167F0BC83714FDE12082C6FD4D42B763D96	EBB96E2A8D5A8BBC2645198CE6B4EB6D	good	-	-	1521733364.000000	1522338164.000000
1521912543.682133	FUwx3BbvjVmHbSgr9	sha1	CEA633847FA2C6D73E768EA031C03953C6868E0A	40096167F0BC83714FDE12082C6FD4D42B763D96	EBB96E2A8D5A8BBC2645198CE6B4EB6D	good	-	-	1521733364.000000	1522338164.000000
1521912544.106142	FmlKt53zBaJ9lcez4i	sha1	105FA67A80089DB5279F35CE830B43889EA3C70D	0F80611C823161D52F28E78D4638B42CE1C6D9E2	085DA2E89709622C8D47342130DD9597	good	-	-	1521861245.000000	1522463345.000000
1521912545.823680	FGaabY3qJAsP9Ewyb5	sha1	CEA633847FA2C6D73E768EA031C03953C6868E0A	40096167F0BC83714FDE12082C6FD4D42B763D96	67F3B3055A9852ED4AA48CAD7266B2F5	good	-	-	1521595969.000000	1522200769.000000
1521912546.465829	FAm1O027w07fjaq2Jj	sha1	105FA67A80089DB5279F35CE830B43889EA3C70D	0F80611C823161D52F28E78D4638B42CE1C6D9E2	085DA2E89709622C8D47342130DD9597	good	-	-	1521861245.000000	1522463345.000000
1521912546.472117	F2j6pB2odh7Yh6CXja	sha1	105FA67A80089DB5279F35CE830B43889EA3C70D	0F80611C823161D52F28E78D4638B42CE1C6D9E2	085DA2E89709622C8D47342130DD9597	good	-	-	1521861245.000000	1522463345.000000
1521912547.091434	Fb8CdHr2tJdJMPB87	sha1	7EE66AE7729AB3FCF8A220646C16A12D6071085D	A84A6A63047DDDBAE6D139B7A64565EFF3A8ECA1	03C0CAF7293AF2A344DEEF7A452413F6C909	good	-	-	1521676800.000000	1522281600.000000
1521912547.672815	Fo1rWD3TCVBDbJlMl4	sha1	105FA67A80089DB5279F35CE830B43889EA3C70D	0F80611C823161D52F28E78D4638B42CE1C6D9E2	0ABFDFA0D326FF061BC7ADFA62091075	good	-	-	1521454993.000000	1522057093.000000
1521912547.953136	FlJCX54xaduBAkDAZ8	sha1	105FA67A80089DB5279F35CE830B43889EA3C70D	0F80611C823161D52F28E78D4638B42CE1C6D9E2	0ABFDFA0D326FF061BC7ADFA62091075	good	-	-	1521454993.000000	1522057093.000000
1521912548.005950	FiPEsa1AOewUyHN9Pi	sha1	105FA67A80089DB5279F35CE830B43889EA3C70D	0F80611C823161D52F28E78D4638B42CE1C6D9E2	085DA2E89709622C8D47342130DD9597	good	-	-	1521861245.000000	1522463345.000000
1521912548.006301	F0qBnl2bgJGC2nh8Gg	sha1	105FA67A80089DB5279F35CE830B43889EA3C70D	0F80611C823161D52F28E78D4638B42CE1C6D9E2	085DA2E89709622C8D47342130DD9597	good	-	-	1521861245.000000	1522463345.000000
1521912548.081043	FsJccV1PMD2zb0tSh6	sha1	105FA67A80089DB5279F35CE830B43889EA3C70D	0F80611C823161D52F28E78D4638B42CE1C6D9E2	085DA2E89709622C8D47342130DD9597	good	-	-	1521861245.000000	1522463345.000000
1521912548.163739	FusjeE4PaR0VhxOMGi	sha1	CEA633847FA2C6D73E768EA031C03953C6868E0A	40096167F0BC83714FDE12082C6FD4D42B763D96	EBB96E2A8D5A8BBC2645198CE6B4EB6D	good	-	-	1521733364.000000	1522338164.000000
1521912548.175609	FdsumY19uhcvCEat2l	sha1	CEA633847FA2C6D73E768EA031C03953C6868E0A	40096167F0BC83714FDE12082C6FD4D42B763D96	EBB96E2A8D5A8BBC2645198CE6B4EB6D	good	-	-	1521733364.000000	1522338164.000000
1521912548.182411	FiNArh1TCSlsQ37MBk	sha1	CEA633847FA2C6D73E768EA031C03953C6868E0A	40096167F0BC83714FDE12082C6FD4D42B763D96	EBB96E2A8D5A8BBC2645198CE6B4EB6D	good	-	-	1521733364.000000	1522338164.000000
1521912549.691179	FeGNAx4RUSk8IENif	sha1	F6EDB0636232819A35F68D75A09D024A11AA6CAD	77C2B8509A677676B12DC286D083A07EA67EBA4B	5974BE5D89D08A51	good	-	-	1521898788.000000	1522503588.000000
1521912549.691182	FeGJwV3VfhbbVOw5fh	sha1	F6EDB0636232819A35F68D75A09D024A11AA6CAD	77C2B8509A677676B12DC286D083A07EA67EBA4B	5974BE5D89D08A51	good	-	-	1521898788.000000	1522503588.000000
1521912552.660000	F8RFbc2fmBeRJQzgie	sha1	105FA67A80089DB5279F35CE830B43889EA3C70D	0F80611C823161D52F28E78D4638B42CE1C6D9E2	0CA9C64361BFC92A79B1DD9CFB9E48EC	good	-	-	1521891067.000000	1522493167.000000
1521912552.730751	F274Bi4et3xWKskbmh	sha1	105FA67A80089DB5279F35CE830B43889EA3C70D	0F80611C823161D52F28E78D4638B42CE1C6D9E2	0CA9C64361BFC92A79B1DD9CFB9E48EC	good	-	-	1521891067.000000	1522493167.000000
1521912565.789032	F9WBdm2j45cKkgw0J	sha1	2985FC613DBE2FB0120F5E420E4C9EC3D59EFD7C	08FE259F74EA8704C2BCBB8EA8385F33C6D16C65	2D0001F35422B3307EEC9502B500000001F354	good	-	-	1521784816.000000	1522130416.000000
1521912565.833736	F5dboLAI14ohtyqe8	sha1	2985FC613DBE2FB0120F5E420E4C9EC3D59EFD7C	08FE259F74EA8704C2BCBB8EA8385F33C6D16C65	2D0001F35422B3307EEC9502B500000001F354	good	-	-	1521876402.000000	1522222002.000000
1521912566.223256	F310273SNS7Q3P6Vwf	sha1	105FA67A80089DB5279F35CE830B43889EA3C70D	0F80611C823161D52F28E78D4638B42CE1C6D9E2	0DAC496989D6AE912D24A604A6962E6D	good	-	-	1521894908.000000	1522497008.000000
1521912567.349442	F9IuYh1ajNDQYT4SW9	sha1	105FA67A80089DB5279F35CE830B43889EA3C70D	0F80611C823161D52F28E78D4638B42CE1C6D9E2	08F3943D255EC39AB715A312A3386D52	good	-	-	1521904569.000000	1522506669.000000
1521912577.513881	FL9d8p1BPtKMN9zBtl	sha1	22AF001C8075620726E0C8931AECA7421C32123A	7A7B8CC1CFE7A0CA1CD46BFAFBE133C30F1AA29D	160000A226527171F754ACC41600000000A226	good	-	-	1521599423.000000	1521945023.000000
1521912577.648151	FE3M9YhbOT8ta5Hw2	sha1	D1B1648B8C9F0DD16BA38ACD2B5017D5F9CFC064	5F60CF619055DF8443148A602AB2F57AF44318EF	01B897FB4C7F81AEF70ABBC5C0E1DD7B	good	-	-	1521736249.000000	1522341049.000000
1521912577.960118	FVyvjazAvYBrG82Lj	sha1	4F0B5BD9B7DAAF9FB6F363722276D6E195AE2629	58889FD6DC9C4822B7143EFF8488E8E685FFFA7D	7B0000229E5AE8F70B24874F5200000000229E	good	-	-	1521723635.000000	1522069235.000000
1521912578.289551	F8EbCx4fugkHCvBPyd	sha1	B6080D5F6C6B76EB13E438A5F8660BA85233344E	40C2BD278ECC348330A233D7FB6CB3F0B42C80CE	422C62A98B80B0EE	good	-	-	1521911677.000000	1522041277.000000
1521912578.338479	FsKqx64Gx0EGIO1Kx	sha1	2985FC613DBE2FB0120F5E420E4C9EC3D59EFD7C	08FE259F74EA8704C2BCBB8EA8385F33C6D16C65	2D00024D323B9667D6F93EF2D7000000024D32	good	-	-	1521893921.000000	1522239521.000000
1521912578.467922	FMiamaILl7U0gi3Jb	sha1	2985FC613DBE2FB0120F5E420E4C9EC3D59EFD7C	08FE259F74EA8704C2BCBB8EA8385F33C6D16C65	2D0001ECAF9E372BB79299004F00000001ECAF	good	-	-	1521847499.000000	1522193099.000000
1521912578.479317	FniDdo2bBjlRMQWd3j	sha1	4F0B5BD9B7DAAF9FB6F363722276D6E195AE2629	58889FD6DC9C4822B7143EFF8488E8E685FFFA7D	7B0000229E5AE8F70B24874F5200000000229E	good	-	-	1521789443.000000	1522135043.000000
1521912578.613340	FeJx7FX2joRx8xa75	sha1	22AF001C8075620726E0C8931AECA7421C32123A	7A7B8CC1CFE7A0CA1CD46BFAFBE133C30F1AA29D	160000055EF816C4E65441CA4B00000000055E	good	-	-	1521908282.000000	1522253882.000000
1521912578.906549	F403a33fTPMEzhOhha	sha1	22AF001C8075620726E0C8931AECA7421C32123A	7A7B8CC1CFE7A0CA1CD46BFAFBE133C30F1AA29D	1600007E75E242EFA0A60A1E98000000007E75	good	-	-	1521899774.000000	1522245374.000000
1521912579.737741	FzlRoC3nrqVIg0stDi	sha1	4F0B5BD9B7DAAF9FB6F363722276D6E195AE2629	58889FD6DC9C4822B7143EFF8488E8E685FFFA7D	7B0000229E5AE8F70B24874F5200000000229E	good	-	-	1521723635.000000	1522069235.000000
1521912580.661206	FR1oeHzIoQTA4Qom8	sha1	105FA67A80089DB5279F35CE830B43889EA3C70D	0F80611C823161D52F28E78D4638B42CE1C6D9E2	068D4086AEB3472996E5DFA2EC521A41	good	-	-	1521868005.000000	1522470105.000000
1521912580.664447	Ftc8bZ21vgCyUKqToj	sha1	105FA67A80089DB5279F35CE830B43889EA3C70D	0F80611C823161D52F28E78D4638B42CE1C6D9E2	068D4086AEB3472996E5DFA2EC521A41	good	-	-	1521868005.000000	1522470105.000000
1521912580.946765	F7MCEq3vnk1QUcV5z7	sha1	105FA67A80089DB5279F35CE830B43889EA3C70D	0F80611C823161D52F28E78D4638B42CE1C6D9E2	0EB4321FBE816175020F43FBA56D2B7A	good	-	-	1521884362.000000	1522486462.000000
1521912580.947139	F0kn5TFnsjSeHvE4k	sha1	105FA67A80089DB5279F35CE830B43889EA3C70D	0F80611C823161D52F28E78D4638B42CE1C6D9E2	0EB4321FBE816175020F43FBA56D2B7A	good	-	-	1521884362.000000	1522486462.000000
1521912580.971152	FOR5LgGG1Lirw5eRf	sha1	105FA67A80089DB5279F35CE830B43889EA3C70D	0F80611C823161D52F28E78D4638B42CE1C6D9E2	08C2D95B922842FCD7EEC9C4AF3BB3C1	good	-	-	1521796536.000000	1522398636.000000
1521912580.972009	FrYc6P1hGXS3nyP2X5	sha1	105FA67A80089DB5279F35CE830B43889EA3C70D	0F80611C823161D52F28E78D4638B42CE1C6D9E2	08C2D95B922842FCD7EEC9C4AF3BB3C1	good	-	-	1521796536.000000	1522398636.000000
1521912580.988893	F2ro1E25USxbcvfn5g	sha1	105FA67A80089DB5279F35CE830B43889EA3C70D	0F80611C823161D52F28E78D4638B42CE1C6D9E2	08618E255082762B850ED2B5C8D2AE3F	good	-	-	1521882857.000000	1522484957.000000
1521912581.351015	FCFzzZ2BW6oWKx589k	sha1	105FA67A80089DB5279F35CE830B43889EA3C70D	0F80611C823161D52F28E78D4638B42CE1C6D9E2	068D4086AEB3472996E5DFA2EC521A41	good	-	-	1521868005.000000	1522470105.000000
1521912581.351157	FePXht3hc40i6dInf2	sha1	105FA67A80089DB5279F35CE830B43889EA3C70D	0F80611C823161D52F28E78D4638B42CE1C6D9E2	068D4086AEB3472996E5DFA2EC521A41	good	-	-	1521868005.000000	1522470105.000000
1521912581.377703	FOFPfE11NdFoIfS8nj	sha1	105FA67A80089DB5279F35CE830B43889EA3C70D	0F80611C823161D52F28E78D4638B42CE1C6D9E2	0E28031BFDBCCC5B2849C513CF6956C3	good	-	-	1521884246.000000	1522486346.000000
1521912581.957286	Fpe2Pf2IOTrhSY7ZAa	sha1	105FA67A80089DB5279F35CE830B43889EA3C70D	0F80611C823161D52F28E78D4638B42CE1C6D9E2	0EB4321FBE816175020F43FBA56D2B7A	good	-	-	1521884362.000000	1522486462.000000
1521912590.364988	FLxdPF3lPa6FOdDmTg	sha1	105FA67A80089DB5279F35CE830B43889EA3C70D	0F80611C823161D52F28E78D4638B42CE1C6D9E2	068D4086AEB3472996E5DFA2EC521A41	good	-	-	1521608797.000000	1522210897.000000
1521912590.367389	F4h4IU1o50W3sKHnZf	sha1	105FA67A80089DB5279F35CE830B43889EA3C70D	0F80611C823161D52F28E78D4638B42CE1C6D9E2	068D4086AEB3472996E5DFA2EC521A41	good	-	-	1521608797.000000	1522210897.000000
1521912591.317349	FDFIvN3GkUahFOT3pl	sha1	105FA67A80089DB5279F35CE830B43889EA3C70D	0F80611C823161D52F28E78D4638B42CE1C6D9E2	068D4086AEB3472996E5DFA2EC521A41	good	-	-	1521608797.000000	1522210897.000000
1521912591.322348	FTkjXO2J3Gx54oC9d5	sha1	105FA67A80089DB5279F35CE830B43889EA3C70D	0F80611C823161D52F28E78D4638B42CE1C6D9E2	068D4086AEB3472996E5DFA2EC521A41	good	-	-	1521608797.000000	1522210897.000000
1521912591.670295	FoBmR11HV9jFOIFxI2	sha1	105FA67A80089DB5279F35CE830B43889EA3C70D	0F80611C823161D52F28E78D4638B42CE1C6D9E2	068D4086AEB3472996E5DFA2EC521A41	good	-	-	1521868005.000000	1522470105.000000
1521912591.670420	F2kRCy3O72ZKebsybe	sha1	105FA67A80089DB5279F35CE830B43889EA3C70D	0F80611C823161D52F28E78D4638B42CE1C6D9E2	068D4086AEB3472996E5DFA2EC521A41	good	-	-	1521868005.000000	1522470105.000000
1521912594.420069	FCyInEtusk9jGHFni	sha1	7EE66AE7729AB3FCF8A220646C16A12D6071085D	A84A6A63047DDDBAE6D139B7A64565EFF3A8ECA1	048739FE231707B67BEF4F06A4E3C5748DD0	good	-	-	1521720000.000000	1522324800.000000
1521912594.427829	Fpt3v72CAvH8iPRmPc	sha1	7EE66AE7729AB3FCF8A220646C16A12D6071085D	A84A6A63047DDDBAE6D139B7A64565EFF3A8ECA1	048739FE231707B67BEF4F06A4E3C5748DD0	good	-	-	1521720000.000000	1522324800.000000
1521912594.453041	F9bDFedw9Etcfw5Jf	sha1	F4317077AEF7881259DD9E5D23F2FE267766D046	39DAFFCA28148AA8741308B9E40EA9D2FA7E9D69	9CFC414F14F3261F44F85CCD51A4E187	good	-	-	1521859793.000000	1522464593.000000
1521912594.467180	F4lDoy18TinUY8Jod6	sha1	F4317077AEF7881259DD9E5D23F2FE267766D046	39DAFFCA28148AA8741308B9E40EA9D2FA7E9D69	9CFC414F14F3261F44F85CCD51A4E187	good	-	-	1521859793.000000	1522464593.000000
1521912594.479803	Ffn2ji4HzO4XFDcUhc	sha1	F4317077AEF7881259DD9E5D23F2FE267766D046	39DAFFCA28148AA8741308B9E40EA9D2FA7E9D69	9CFC414F14F3261F44F85CCD51A4E187	good	-	-	1521859793.000000	1522464593.000000
1521912595.082027	FiGGYn4uQjPVzShXYg	sha1	105FA67A80089DB5279F35CE830B43889EA3C70D	0F80611C823161D52F28E78D4638B42CE1C6D9E2	0CA9C64361BFC92A79B1DD9CFB9E48EC	good	-	-	1521891067.000000	1522493167.000000
1521912595.239955	FsRLao2WXzXpfCBuke	sha1	105FA67A80089DB5279F35CE830B43889EA3C70D	0F80611C823161D52F28E78D4638B42CE1C6D9E2	0CA9C64361BFC92A79B1DD9CFB9E48EC	good	-	-	1521891067.000000	1522493167.000000
1521912595.291363	FB9nan1ksWKwEb05y6	sha1	105FA67A80089DB5279F35CE830B43889EA3C70D	0F80611C823161D52F28E78D4638B42CE1C6D9E2	0CA9C64361BFC92A79B1DD9CFB9E48EC	good	-	-	1521891067.000000	1522493167.000000
1521912595.318747	F32K9y43psVe8eKzse	sha1	F6EDB0636232819A35F68D75A09D024A11AA6CAD	77C2B8509A677676B12DC286D083A07EA67EBA4B	5B6A37F39B36AF7F	good	-	-	1521899223.000000	1522504023.000000
1521912597.985158	FwUuug4yGyxtx1iU8h	sha1	F6EDB0636232819A35F68D75A09D024A11AA6CAD	77C2B8509A677676B12DC286D083A07EA67EBA4B	7AEE77D0AA874D3A	good	-	-	1521899624.000000	1522504424.000000
1521912598.271798	F8LZhT5YRKScOnr6f	sha1	2985FC613DBE2FB0120F5E420E4C9EC3D59EFD7C	08FE259F74EA8704C2BCBB8EA8385F33C6D16C65	2D0001F35422B3307EEC9502B500000001F354	good	-	-	1521894989.000000	1522240589.000000
1521912599.430083	FIJQYWsPCJIXGzr26	sha1	49F4BD8A18BF760698C5DE402D683B716AE4E686	3DD350A5D6A0ADEEF34A600A65D321D4F8F8D60F	0D28AA10B39842A135E8A10EA7C265AE	good	-	-	1521894806.000000	1522496906.000000
1521912601.206315	Fzx6I919x7JmQmAKml	sha1	105FA67A80089DB5279F35CE830B43889EA3C70D	0F80611C823161D52F28E78D4638B42CE1C6D9E2	053595DDC488E3BD2185316C9E024A57	good	-	-	1521900099.000000	1522502199.000000
1521912602.805653	FkTEZ51JzvbyFeNrag	sha1	49F4BD8A18BF760698C5DE402D683B716AE4E686	3DD350A5D6A0ADEEF34A600A65D321D4F8F8D60F	018478560FA304EBFD18B32B38DEC97D	good	-	-	1521632803.000000	1522234903.000000
1521912602.805903	Fc149w1AperODCZsj7	sha1	49F4BD8A18BF760698C5DE402D683B716AE4E686	3DD350A5D6A0ADEEF34A600A65D321D4F8F8D60F	018478560FA304EBFD18B32B38DEC97D	good	-	-	1521632803.000000	1522234903.000000
1521912603.038023	FeU3M22I1Gtf9JIBC8	sha1	DFAA12E328B1094193E29F4282CE4740429558A3	B13EC36903F8BF4701D498261A0802EF63642BC3	0C79A944B08C11952092615FE26B1D83	good	-	-	1521849600.000000	1522454400.000000
1521912603.457632	FyC15LfDZFd8SxYu6	sha1	CEA633847FA2C6D73E768EA031C03953C6868E0A	40096167F0BC83714FDE12082C6FD4D42B763D96	F707D1F055AE73BE13F830498920F3C1	good	-	-	1521622824.000000	1522227624.000000
1521912603.457650	FohqnW1MEJVTSMGhUb	sha1	CEA633847FA2C6D73E768EA031C03953C6868E0A	40096167F0BC83714FDE12082C6FD4D42B763D96	F707D1F055AE73BE13F830498920F3C1	good	-	-	1521622824.000000	1522227624.000000
1521912603.457709	FmhKcF46UQAb8ZAFx4	sha1	CEA633847FA2C6D73E768EA031C03953C6868E0A	40096167F0BC83714FDE12082C6FD4D42B763D96	F707D1F055AE73BE13F830498920F3C1	good	-	-	1521622824.000000	1522227624.000000
1521912603.567307	FEJmCp2SpfWJ1WltXe	sha1	7CB166549CABDB44EE622616ADF4657BF77AD594	ADBD987A34B426F7FAC42654EF03BDE024CB541A	4352023FFAA8901F139FE3F4E5C1444E	good	-	-	1521846142.000000	1522450942.000000
1521912603.849012	FybC4A24M9WRgDYWfl	sha1	EB25D890FE2720F41D7D6AC15EEF76CF62CFAB78	7571A7194819BC9D9DEA4147DF94C4487799D379	5B25CE6907C4265566D3390C99A954AD	good	-	-	1521846142.000000	1522450942.000000
1521912604.129845	FMJIp61XmCDouRQn16	sha1	CEA633847FA2C6D73E768EA031C03953C6868E0A	40096167F0BC83714FDE12082C6FD4D42B763D96	75A1856C37EDA919C4AB754141DD8873	good	-	-	1521841052.000000	1522445852.000000
1521912606.820680	FFx8El4gksvasYwly5	sha1	2985FC613DBE2FB0120F5E420E4C9EC3D59EFD7C	08FE259F74EA8704C2BCBB8EA8385F33C6D16C65	2D00003299D7071DB7D1708A42000000003299	good	-	-	1521829451.000000	1522175051.000000
1521912606.823642	FMofWo44C8xhXTEYeg	sha1	2985FC613DBE2FB0120F5E420E4C9EC3D59EFD7C	08FE259F74EA8704C2BCBB8EA8385F33C6D16C65	2D00003299D7071DB7D1708A42000000003299	good	-	-	1521653496.000000	1521999096.000000
1521912606.830268	FsmCX84iAhTedogNa2	sha1	2985FC613DBE2FB0120F5E420E4C9EC3D59EFD7C	08FE259F74EA8704C2BCBB8EA8385F33C6D16C65	2D00003299D7071DB7D1708A42000000003299	good	-	-	1521785418.000000	1522131018.000000
1521912606.831484	F4mIic2LZtsqac31x4	sha1	2985FC613DBE2FB0120F5E420E4C9EC3D59EFD7C	08FE259F74EA8704C2BCBB8EA8385F33C6D16C65	2D00003299D7071DB7D1708A42000000003299	good	-	-	1521840283.000000	1522185883.000000
1521912606.939211	FVXWJ44ut9eg9n5lje	sha1	2985FC613DBE2FB0120F5E420E4C9EC3D59EFD7C	08FE259F74EA8704C2BCBB8EA8385F33C6D16C65	2D00003299D7071DB7D1708A42000000003299	good	-	-	1521698013.000000	1522043613.000000
1521912606.939791	FJpLK51d8QVUzhbnKb	sha1	2985FC613DBE2FB0120F5E420E4C9EC3D59EFD7C	08FE259F74EA8704C2BCBB8EA8385F33C6D16C65	2D00003299D7071DB7D1708A42000000003299	good	-	-	1521630888.000000	1521976488.000000
1521912606.948992	FXLcFe3n3OcD7Ebhwl	sha1	C12F4576ED1559ECB05DBA89BF9D8078E523D413	E59D5930824758CCACFA085436867B3AB5044DF0	0888CD525F1924444D14A58291DEB952	good	-	-	1515610925.000000	1531162925.000000
1521912606.992461	FkBStG1QNGBVbsDhv1	sha1	4F0B5BD9B7DAAF9FB6F363722276D6E195AE2629	58889FD6DC9C4822B7143EFF8488E8E685FFFA7D	7B0000229E5AE8F70B24874F5200000000229E	good	-	-	1521789443.000000	1522135043.000000
1521912606.994331	FFoAYt1VuWdJcGd7Dg	sha1	4F0B5BD9B7DAAF9FB6F363722276D6E195AE2629	58889FD6DC9C4822B7143EFF8488E8E685FFFA7D	7B0000229E5AE8F70B24874F5200000000229E	good	-	-	1521723635.000000	1522069235.000000
1521912607.109206	FMmGRY2ZWB6CFJbTtd	sha1	C12F4576ED1559ECB05DBA89BF9D8078E523D413	E59D5930824758CCACFA085436867B3AB5044DF0	08B87A501BBE9CDA2D164D3E3951BF55	good	-	-	1515610853.000000	1531162853.000000
1521912607.140762	FweQSx3ZIaidChFQ08	sha1	22AF001C8075620726E0C8931AECA7421C32123A	7A7B8CC1CFE7A0CA1CD46BFAFBE133C30F1AA29D	16000054AB63FF59C3F7E02BD20000000054AB	good	-	-	1521839622.000000	1522185222.000000
1521912607.159890	Fg5ZKt3ldRaHPjB9Gl	sha1	22AF001C8075620726E0C8931AECA7421C32123A	7A7B8CC1CFE7A0CA1CD46BFAFBE133C30F1AA29D	160000A226527171F754ACC41600000000A226	good	-	-	1521599423.000000	1521945023.000000
1521912607.159926	Fg9Jx74nvn2WLBds8f	sha1	22AF001C8075620726E0C8931AECA7421C32123A	7A7B8CC1CFE7A0CA1CD46BFAFBE133C30F1AA29D	160000A226527171F754ACC41600000000A226	good	-	-	1521599423.000000	1521945023.000000
1521912607.173376	FAAe033l379BDd4058	sha1	2985FC613DBE2FB0120F5E420E4C9EC3D59EFD7C	08FE259F74EA8704C2BCBB8EA8385F33C6D16C65	2D00003299D7071DB7D1708A42000000003299	good	-	-	1521620532.000000	1521966132.000000
1521912607.174187	F5t0zN2DwL7NqLiE1d	sha1	2985FC613DBE2FB0120F5E420E4C9EC3D59EFD7C	08FE259F74EA8704C2BCBB8EA8385F33C6D16C65	2D00003299D7071DB7D1708A42000000003299	good	-	-	1521815679.000000	1522161279.000000
1521912607.204194	FESQZ73eKer0EK5ih8	sha1	C12F4576ED1559ECB05DBA89BF9D8078E523D413	E59D5930824758CCACFA085436867B3AB5044DF0	0B6AB3B03EB1A9F6C460926AA8CDFEB3	good	-	-	1515610901.000000	1531162901.000000
1521912607.507294	FU0uavzAp597U9bMe	sha1	2985FC613DBE2FB0120F5E420E4C9EC3D59EFD7C	08FE259F74EA8704C2BCBB8EA8385F33C6D16C65	2D0001E8A309C019A913DB800C00000001E8A3	good	-	-	1521894043.000000	1522239643.000000
1521912607.507649	FO4ezA2RNECESvHvmi	sha1	2985FC613DBE2FB0120F5E420E4C9EC3D59EFD7C	08FE259F74EA8704C2BCBB8EA8385F33C6D16C65	2D0001E8A309C019A913DB800C00000001E8A3	good	-	-	1521894043.000000	1522239643.000000
1521912607.530586	Fp1B4a4P9wXuQDnBb	sha1	881A4A74FEFF4652F354BB510FD3A4EEEFE0A1C8	919E3B446C3D579C42772A34D74FD1CC4A972CDA	20000202490C64FBD1CF1D54BF000000020249	good	-	-	1521853951.000000	1522199551.000000
1521912607.531584	FJaTMU3tjFgzlIzS44	sha1	881A4A74FEFF4652F354BB510FD3A4EEEFE0A1C8	919E3B446C3D579C42772A34D74FD1CC4A972CDA	20000202490C64FBD1CF1D54BF000000020249	good	-	-	1521853951.000000	1522199551.000000
1521912607.543902	FEjX9l3GoYiUaJVghl	sha1	7D14CA1E3E08269E1A333D0E0E6FF31361215EEA	25F08AE14B7AD901950AEDC653F18C781FD9F3F8	0F683F2DFAC9EDF014148CA649DB4BAD	good	-	-	1521346550.000000	1521951350.000000
1521912607.543955	FzzZfw1bW34pDyig8h	sha1	7D14CA1E3E08269E1A333D0E0E6FF31361215EEA	25F08AE14B7AD901950AEDC653F18C781FD9F3F8	0F683F2DFAC9EDF014148CA649DB4BAD	good	-	-	1521346550.000000	1521951350.000000
1521912607.544206	F9Crr52KVHTodXw13b	sha1	7D14CA1E3E08269E1A333D0E0E6FF31361215EEA	25F08AE14B7AD901950AEDC653F18C781FD9F3F8	0F683F2DFAC9EDF014148CA649DB4BAD	good	-	-	1521346550.000000	1521951350.000000
1521912607.547704	FXhXOg4sD4An9qqDBf	sha1	7D14CA1E3E08269E1A333D0E0E6FF31361215EEA	25F08AE14B7AD901950AEDC653F18C781FD9F3F8	0F683F2DFAC9EDF014148CA649DB4BAD	good	-	-	1521346550.000000	1521951350.000000
1521912607.547802	F96qMU3AdfoFWjTua8	sha1	7D14CA1E3E08269E1A333D0E0E6FF31361215EEA	25F08AE14B7AD901950AEDC653F18C781FD9F3F8	0F683F2DFAC9EDF014148CA649DB4BAD	good	-	-	1521346550.000000	1521951350.000000
1521912607.561921	FhgATN2C0JzQDSkl5f	sha1	4F0B5BD9B7DAAF9FB6F363722276D6E195AE2629	58889FD6DC9C4822B7143EFF8488E8E685FFFA7D	7B00004529A28F3959BBD4EB6E000000004529	good	-	-	1521763999.000000	1522109599.000000
1521912607.575000	FN9RHt1LOhqqqu6J0l	sha1	22AF001C8075620726E0C8931AECA7421C32123A	7A7B8CC1CFE7A0CA1CD46BFAFBE133C30F1AA29D	160000A226527171F754ACC41600000000A226	good	-	-	1521859932.000000	1522205532.000000
1521912607.575253	FJ8ciM26XUUPpXstc4	sha1	22AF001C8075620726E0C8931AECA7421C32123A	7A7B8CC1CFE7A0CA1CD46BFAFBE133C30F1AA29D	160000A226527171F754ACC41600000000A226	good	-	-	1521859932.000000	1522205532.000000
1521912607.575562	FkNS4biACZTuSqkL1	sha1	22AF001C8075620726E0C8931AECA7421C32123A	7A7B8CC1CFE7A0CA1CD46BFAFBE133C30F1AA29D	160000A226527171F754ACC41600000000A226	good	-	-	1521859932.000000	1522205532.000000
1521912607.575805	FmJqZ34bHbh4ZFVZm	sha1	22AF001C8075620726E0C8931AECA7421C32123A	7A7B8CC1CFE7A0CA1CD46BFAFBE133C30F1AA29D	160000A226527171F754ACC41600000000A226	good	-	-	1521859932.000000	1522205532.000000
1521912607.575824	FQVgQR121uUxdXZCQh	sha1	22AF001C8075620726E0C8931AECA7421C32123A	7A7B8CC1CFE7A0CA1CD46BFAFBE133C30F1AA29D	160000A226527171F754ACC41600000000A226	good	-	-	1521859932.000000	1522205532.000000
1521912607.575835	FsD8VwliIMrTRze5g	sha1	22AF001C8075620726E0C8931AECA7421C32123A	7A7B8CC1CFE7A0CA1CD46BFAFBE133C30F1AA29D	160000A226527171F754ACC41600000000A226	good	-	-	1521859932.000000	1522205532.000000
1521912607.599488	FDRNba1xeVJZkvYZel	sha1	C12F4576ED1559ECB05DBA89BF9D8078E523D413	E59D5930824758CCACFA085436867B3AB5044DF0	0F2C10C95B06C0937FB8D449F83E8569	good	-	-	1515610874.000000	1531162874.000000
1521912607.630025	FuMl311urZtoAcDjWb	sha1	B9E9B287028503F8ECA5FB42E13E0F49C72426E2	7FD365A7C2DDECBBF03009F34339FA02AF333133	3F9287BE9D1DA4A37A9DF6282E775AC4	good	-	-	1521909686.000000	1522514486.000000
1521912608.427192	F8k9Il3QwLQdQPC9K	sha1	2985FC613DBE2FB0120F5E420E4C9EC3D59EFD7C	08FE259F74EA8704C2BCBB8EA8385F33C6D16C65	2D00003299D7071DB7D1708A42000000003299	good	-	-	1521698013.000000	1522043613.000000
1521912608.427535	FH9Dcu2dAhcpdKVQm9	sha1	2985FC613DBE2FB0120F5E420E4C9EC3D59EFD7C	08FE259F74EA8704C2BCBB8EA8385F33C6D16C65	2D00003299D7071DB7D1708A42000000003299	good	-	-	1521606892.000000	1521952492.000000
1521912608.551612	FdwrG13ihhwDrlw2F5	sha1	2985FC613DBE2FB0120F5E420E4C9EC3D59EFD7C	08FE259F74EA8704C2BCBB8EA8385F33C6D16C65	2D000080D153660BD8926D626F0000000080D1	good	-	-	1521903290.000000	1522248890.000000
1521912609.054139	FhcdQF3dC15rHrPvJf	sha1	E7BC023F9CDE3DA8F4C9636A9342D7E42F18EF10	A39DE61FF9DA394FC06EE891CB95A5DA31E20A9F	05E903ABDDDD5A86C9063660AC5170C8	good	-	-	1521749035.000000	1522351135.000000
1521912609.054493	FZqMZLwthvQKAdoDa	sha1	E7BC023F9CDE3DA8F4C9636A9342D7E42F18EF10	A39DE61FF9DA394FC06EE891CB95A5DA31E20A9F	05E903ABDDDD5A86C9063660AC5170C8	good	-	-	1521749035.000000	1522351135.000000
1521912609.054683	FWjWDo4iPsO6H0lsCa	sha1	E7BC023F9CDE3DA8F4C9636A9342D7E42F18EF10	A39DE61FF9DA394FC06EE891CB95A5DA31E20A9F	05E903ABDDDD5A86C9063660AC5170C8	good	-	-	1521749035.000000	1522351135.000000
1521912609.054700	FBI50oPk9YkIAHY88	sha1	E7BC023F9CDE3DA8F4C9636A9342D7E42F18EF10	A39DE61FF9DA394FC06EE891CB95A5DA31E20A9F	05E903ABDDDD5A86C9063660AC5170C8	good	-	-	1521749035.000000	1522351135.000000
1521912609.056858	FN8T4xP7X9MOYJSDh	sha1	E7BC023F9CDE3DA8F4C9636A9342D7E42F18EF10	A39DE61FF9DA394FC06EE891CB95A5DA31E20A9F	05E903ABDDDD5A86C9063660AC5170C8	good	-	-	1521749035.000000	1522351135.000000
1521912609.056871	FgV84T3dmTSZ0VnF0d	sha1	E7BC023F9CDE3DA8F4C9636A9342D7E42F18EF10	A39DE61FF9DA394FC06EE891CB95A5DA31E20A9F	05E903ABDDDD5A86C9063660AC5170C8	good	-	-	1521749035.000000	1522351135.000000
1521912609.110076	FVIAwT9024RzAw3Rb	sha1	8051060132AD9AC27D5187A0E887FB01620155EE	03DE503556D14CBB66F0A3E21B1BC397B23DD155	0ACB28BA465EE53908767470F3CDC612	good	-	-	1521849600.000000	1522454400.000000
1521912609.118170	Ffr45a4yFn9mjK7Xxe	sha1	CF26F518FAC97E8F8CB342E01C2F6A109E8E5F0A	5168FF90AF0207753CCCD9656462A212B859723B	0AE00853A36E33F24EC27C618A9A163E	good	-	-	1521887039.000000	1522489139.000000
1521912609.124021	FhUUVG3lJASdKzlV9a	sha1	105FA67A80089DB5279F35CE830B43889EA3C70D	0F80611C823161D52F28E78D4638B42CE1C6D9E2	0F768D8C87B2CFEF1872B29239897615	good	-	-	1521466946.000000	1522069046.000000
1521912609.124507	FbevU04xwe6tSxwNqc	sha1	105FA67A80089DB5279F35CE830B43889EA3C70D	0F80611C823161D52F28E78D4638B42CE1C6D9E2	0F768D8C87B2CFEF1872B29239897615	good	-	-	1521466946.000000	1522069046.000000
1521912609.125428	FSaJJ13iNVWNhaINHg	sha1	105FA67A80089DB5279F35CE830B43889EA3C70D	0F80611C823161D52F28E78D4638B42CE1C6D9E2	0F768D8C87B2CFEF1872B29239897615	good	-	-	1521466946.000000	1522069046.000000
1521912609.125706	Fcsxcg1UEl4D7SpD11	sha1	105FA67A80089DB5279F35CE830B43889EA3C70D	0F80611C823161D52F28E78D4638B42CE1C6D9E2	0F768D8C87B2CFEF1872B29239897615	good	-	-	1521466946.000000	1522069046.000000
1521912609.126225	FS01vo1beUCBkvKTa9	sha1	105FA67A80089DB5279F35CE830B43889EA3C70D	0F80611C823161D52F28E78D4638B42CE1C6D9E2	0F768D8C87B2CFEF1872B29239897615	good	-	-	1521466946.000000	1522069046.000000
1521912609.126840	FH6jW4ZnZnPF58t0e	sha1	105FA67A80089DB5279F35CE830B43889EA3C70D	0F80611C823161D52F28E78D4638B42CE1C6D9E2	0F768D8C87B2CFEF1872B29239897615	good	-	-	1521466946.000000	1522069046.000000
1521912609.127983	Fg6U3hEvOP3J3Z8hf	sha1	105FA67A80089DB5279F35CE830B43889EA3C70D	0F80611C823161D52F28E78D4638B42CE1C6D9E2	0F768D8C87B2CFEF1872B29239897615	good	-	-	1521466946.000000	1522069046.000000
1521912609.128134	FGEmRj2bY3HHR8IQr4	sha1	105FA67A80089DB5279F35CE830B43889EA3C70D	0F80611C823161D52F28E78D4638B42CE1C6D9E2	0F768D8C87B2CFEF1872B29239897615	good	-	-	1521466946.000000	1522069046.000000
1521912609.252327	FxmPU12EddvFKgQHI9	sha1	105FA67A80089DB5279F35CE830B43889EA3C70D	0F80611C823161D52F28E78D4638B42CE1C6D9E2	0F768D8C87B2CFEF1872B29239897615	good	-	-	1521466946.000000	1522069046.000000
1521912609.252487	FnPThmdjBX3dYLgM8	sha1	105FA67A80089DB5279F35CE830B43889EA3C70D	0F80611C823161D52F28E78D4638B42CE1C6D9E2	0F768D8C87B2CFEF1872B29239897615	good	-	-	1521466946.000000	1522069046.000000
1521912609.252716	FUiMy242fl8WPzemd	sha1	105FA67A80089DB5279F35CE830B43889EA3C70D	0F80611C823161D52F28E78D4638B42CE1C6D9E2	0F768D8C87B2CFEF1872B29239897615	good	-	-	1521466946.000000	1522069046.000000
1521912609.253398	FUjVxSWar2VrZsM0l	sha1	105FA67A80089DB5279F35CE830B43889EA3C70D	0F80611C823161D52F28E78D4638B42CE1C6D9E2	0F768D8C87B2CFEF1872B29239897615	good	-	-	1521466946.000000	1522069046.000000
1521912609.253531	F9jIXn3oxJsgZf5Dvk	sha1	105FA67A80089DB5279F35CE830B43889EA3C70D	0F80611C823161D52F28E78D4638B42CE1C6D9E2	0F768D8C87B2CFEF1872B29239897615	good	-	-	1521466946.000000	1522069046.000000
1521912609.255219	Fi96eg1Ldf9iYZtnIf	sha1	105FA67A80089DB5279F35CE830B43889EA3C70D	0F80611C823161D52F28E78D4638B42CE1C6D9E2	0F768D8C87B2CFEF1872B29239897615	good	-	-	1521466946.000000	1522069046.000000
1521912609.558984	FSwPQ84nrF96mBnxF7	sha1	105FA67A80089DB5279F35CE830B43889EA3C70D	0F80611C823161D52F28E78D4638B42CE1C6D9E2	0F768D8C87B2CFEF1872B29239897615	good	-	-	1521466946.000000	1522069046.000000
1521912609.559330	FO284znOZW8lDYiw9	sha1	105FA67A80089DB5279F35CE830B43889EA3C70D	0F80611C823161D52F28E78D4638B42CE1C6D9E2	0F768D8C87B2CFEF1872B29239897615	good	-	-	1521466946.000000	1522069046.000000
1521912609.559382	FjYr7q13eNqre25WCf	sha1	105FA67A80089DB5279F35CE830B43889EA3C70D	0F80611C823161D52F28E78D4638B42CE1C6D9E2	0F768D8C87B2CFEF1872B29239897615	good	-	-	1521466946.000000	1522069046.000000
1521912609.631840	FEFuFI1pQtaHBsPoYa	sha1	105FA67A80089DB5279F35CE830B43889EA3C70D	0F80611C823161D52F28E78D4638B42CE1C6D9E2	0F768D8C87B2CFEF1872B29239897615	good	-	-	1521466946.000000	1522069046.000000
1521912609.875796	FeXX213yS3AvbXiVHe	sha1	105FA67A80089DB5279F35CE830B43889EA3C70D	0F80611C823161D52F28E78D4638B42CE1C6D9E2	0F768D8C87B2CFEF1872B29239897615	good	-	-	1521466946.000000	1522069046.000000
1521912609.876699	FbTsCY1Vi7fp1KMr4k	sha1	105FA67A80089DB5279F35CE830B43889EA3C70D	0F80611C823161D52F28E78D4638B42CE1C6D9E2	0F768D8C87B2CFEF1872B29239897615	good	-	-	1521466946.000000	1522069046.000000
1521912610.182507	FwrsG647YiqGWNDb4d	sha1	CF26F518FAC97E8F8CB342E01C2F6A109E8E5F0A	5168FF90AF0207753CCCD9656462A212B859723B	0D693751C5D86C78E9197853D6AF9BC5	good	-	-	1521894858.000000	1522496958.000000
1521912612.812315	FULRvL21OjsmxQKe9i	sha1	7EE66AE7729AB3FCF8A220646C16A12D6071085D	A84A6A63047DDDBAE6D139B7A64565EFF3A8ECA1	037040328C8B2E2B049F0F6486FAF573CAB0	good	-	-	1521806400.000000	1522411200.000000
1521912615.701710	FdygWm4l2N0swVn5w1	sha1	7EE66AE7729AB3FCF8A220646C16A12D6071085D	A84A6A63047DDDBAE6D139B7A64565EFF3A8ECA1	03C4C311445D5AFBC136F2222CC9C34FDFF8	good	-	-	1521676800.000000	1522281600.000000
1521912615.707677	F0ya1Z1WCyduIxp88a	sha1	7EE66AE7729AB3FCF8A220646C16A12D6071085D	A84A6A63047DDDBAE6D139B7A64565EFF3A8ECA1	03C4C311445D5AFBC136F2222CC9C34FDFF8	good	-	-	1521676800.000000	1522281600.000000
1521912615.729688	Fi86e84yApADgeV2Pa	sha1	7EE66AE7729AB3FCF8A220646C16A12D6071085D	A84A6A63047DDDBAE6D139B7A64565EFF3A8ECA1	03C4C311445D5AFBC136F2222CC9C34FDFF8	good	-	-	1521676800.000000	1522281600.000000
1521912615.744733	F454Bd1nd4PBwWrJz2	sha1	F6EDB0636232819A35F68D75A09D024A11AA6CAD	77C2B8509A677676B12DC286D083A07EA67EBA4B	1DDEE8C5D3AEF314	good	-	-	1521899752.000000	1522504552.000000
1521912620.926480	FlS32146M3BUAyyGaf	sha1	105FA67A80089DB5279F35CE830B43889EA3C70D	0F80611C823161D52F28E78D4638B42CE1C6D9E2	0441863B81E6C5BAB060B2031D1D111E	good	-	-	1521885471.000000	1522487571.000000
1521912620.942581	FdUolC1Z3XSRDJCyc9	sha1	DFAA12E328B1094193E29F4282CE4740429558A3	B13EC36903F8BF4701D498261A0802EF63642BC3	0C79A944B08C11952092615FE26B1D83	good	-	-	1521849600.000000	1522454400.000000
1521912620.948246	F24w4X0YHRFEnDRE2	sha1	49F4BD8A18BF760698C5DE402D683B716AE4E686	3DD350A5D6A0ADEEF34A600A65D321D4F8F8D60F	09F9EE1FBF40F02D6F7E7891D1947968	good	-	-	1521897608.000000	1522499708.000000
1521912637.299456	FbKDimVBq36P1x6Tj	sha1	49F4BD8A18BF760698C5DE402D683B716AE4E686	3DD350A5D6A0ADEEF34A600A65D321D4F8F8D60F	038978C7D6C06C01C6CC5F228F65A5D2	good	-	-	1521572076.000000	1522174176.000000
1521912638.236551	FvQDNE23likzevWtJc	sha1	CF26F518FAC97E8F8CB342E01C2F6A109E8E5F0A	5168FF90AF0207753CCCD9656462A212B859723B	0E11BBD70D54B710D0C6F540B6B52CA4	good	-	-	1521560232.000000	1522162332.000000
1521912638.476588	FT2B065SFKnZN2xH6	sha1	CF26F518FAC97E8F8CB342E01C2F6A109E8E5F0A	5168FF90AF0207753CCCD9656462A212B859723B	0E11BBD70D54B710D0C6F540B6B52CA4	good	-	-	1521560232.000000	1522162332.000000
1521912638.477695	FT4pdI3iIHpdZjxoJ9	sha1	B6080D5F6C6B76EB13E438A5F8660BA85233344E	40C2BD278ECC348330A233D7FB6CB3F0B42C80CE	A80B9B37F7C73200	good	-	-	1521911060.000000	1522040660.000000
1521912638.942465	FgzB3r4aVq8kbVzILk	sha1	CEA633847FA2C6D73E768EA031C03953C6868E0A	40096167F0BC83714FDE12082C6FD4D42B763D96	62CADD9C88183ECD666482E40DAB33E1	good	-	-	1521476961.000000	1522081761.000000
1521912638.944418	F3VbzzyFXxMkmr8xf	sha1	12EADF46CC0880387360B65A691601CC0CB5E9E2	A92B87E1CE24473B1BBFCF853702559D0D9458E6	2915BDE5AB2EA8DDF93EC3F3	good	-	-	1521712033.000000	1522057633.000000
1521912638.944523	FdrCoG3XAVtkvgl2Pg	sha1	12EADF46CC0880387360B65A691601CC0CB5E9E2	A92B87E1CE24473B1BBFCF853702559D0D9458E6	2915BDE5AB2EA8DDF93EC3F3	good	-	-	1521712033.000000	1522057633.000000
1521912639.011218	FUYppj3nQ5QL9LEf87	sha1	B6080D5F6C6B76EB13E438A5F8660BA85233344E	40C2BD278ECC348330A233D7FB6CB3F0B42C80CE	A80B9B37F7C73200	good	-	-	1521911060.000000	1522040660.000000
1521912639.731166	FE1z551HqLqZgkJksl	sha1	CF26F518FAC97E8F8CB342E01C2F6A109E8E5F0A	5168FF90AF0207753CCCD9656462A212B859723B	0AAD00F9B5C37AF9BA636F3E3DC3EA76	good	-	-	1521800585.000000	1522402685.000000
1521912639.968013	FEyxIS3wBd8RHKcHrg	sha1	CF26F518FAC97E8F8CB342E01C2F6A109E8E5F0A	5168FF90AF0207753CCCD9656462A212B859723B	084F9A2417AC05DFEDBEB764C9047506	good	-	-	1521882832.000000	1522484932.000000
1521912640.628049	FVaozQ2yBBmpNuhIf7	sha1	12EADF46CC0880387360B65A691601CC0CB5E9E2	A92B87E1CE24473B1BBFCF853702559D0D9458E6	210879A6D38EDF7AA38F47F7	good	-	-	1521906475.000000	1522252075.000000
1521912641.039208	FwkI0i1O8RmaXrdwW2	sha1	CF26F518FAC97E8F8CB342E01C2F6A109E8E5F0A	5168FF90AF0207753CCCD9656462A212B859723B	0E11BBD70D54B710D0C6F540B6B52CA4	good	-	-	1521560232.000000	1522162332.000000
1521912641.479564	FW4Gk01hKVJfjSmpzf	sha1	49F4BD8A18BF760698C5DE402D683B716AE4E686	3DD350A5D6A0ADEEF34A600A65D321D4F8F8D60F	038978C7D6C06C01C6CC5F228F65A5D2	good	-	-	1521572076.000000	1522174176.000000
1521912642.316266	F0p3zu1AP9GKBG0Zr3	sha1	CEA633847FA2C6D73E768EA031C03953C6868E0A	40096167F0BC83714FDE12082C6FD4D42B763D96	62CADD9C88183ECD666482E40DAB33E1	good	-	-	1521476961.000000	1522081761.000000
1521912643.064574	FPdbUc24KLXlOf1Lo	sha1	CF26F518FAC97E8F8CB342E01C2F6A109E8E5F0A	5168FF90AF0207753CCCD9656462A212B859723B	0AAD00F9B5C37AF9BA636F3E3DC3EA76	good	-	-	1521822186.000000	1522424286.000000
1521912658.995450	Fxpb3F3OJsj6T4LFoj	sha1	0C9E4D9C3DEDEF84D891E972C7CF8406BC197B07	96DE61F1BD1C1629531CC0CC7D3B830040E61A7C	09DE734B91754C1879C0AE4E	good	-	-	1521903123.000000	1522248723.000000
1521912659.179257	FfE50y47Q7xf78t46c	sha1	7AE13EE8A0C42A2CB428CBE7A605461940E2A1E9	90AF6A3A945A0BD890EA125673DF43B43A28DAE7	C13A2A981C2C15AC35F81DCB8C6AF7E3	good	-	-	1521626716.000000	1522231516.000000
1521912659.180014	FFt4S53hpLzkjzHW1h	sha1	7AE13EE8A0C42A2CB428CBE7A605461940E2A1E9	90AF6A3A945A0BD890EA125673DF43B43A28DAE7	C13A2A981C2C15AC35F81DCB8C6AF7E3	good	-	-	1521626716.000000	1522231516.000000
1521912659.180649	FZ4IBw2X38yL3Hm3D9	sha1	7AE13EE8A0C42A2CB428CBE7A605461940E2A1E9	90AF6A3A945A0BD890EA125673DF43B43A28DAE7	C13A2A981C2C15AC35F81DCB8C6AF7E3	good	-	-	1521626716.000000	1522231516.000000
1521912661.741406	FPK5m80X1cg0bITH8	sha1	CF26F518FAC97E8F8CB342E01C2F6A109E8E5F0A	5168FF90AF0207753CCCD9656462A212B859723B	0E11BBD70D54B710D0C6F540B6B52CA4	good	-	-	1521560232.000000	1522162332.000000
1521912661.741553	FiIdha3EwB9XAJdWC	sha1	CF26F518FAC97E8F8CB342E01C2F6A109E8E5F0A	5168FF90AF0207753CCCD9656462A212B859723B	0E11BBD70D54B710D0C6F540B6B52CA4	good	-	-	1521560232.000000	1522162332.000000
1521912661.741772	FxHwKD2oOM90QlJWV	sha1	CF26F518FAC97E8F8CB342E01C2F6A109E8E5F0A	5168FF90AF0207753CCCD9656462A212B859723B	0E11BBD70D54B710D0C6F540B6B52CA4	good	-	-	1521560232.000000	1522162332.000000
1521912661.753568	Fzycq92mcCnpjd3EE7	sha1	CF26F518FAC97E8F8CB342E01C2F6A109E8E5F0A	5168FF90AF0207753CCCD9656462A212B859723B	0D9C0A15A8E1F3E29656EAFD692AE3E1	good	-	-	1521873296.000000	1522475396.000000
1521912664.344638	FCIMWs3Bh1hJnrW9ic	sha1	105FA67A80089DB5279F35CE830B43889EA3C70D	0F80611C823161D52F28E78D4638B42CE1C6D9E2	0CA9C64361BFC92A79B1DD9CFB9E48EC	good	-	-	1521891067.000000	1522493167.000000
1521912666.553580	FE2Jnb1S3Q5A1S3OGh	sha1	7EE66AE7729AB3FCF8A220646C16A12D6071085D	A84A6A63047DDDBAE6D139B7A64565EFF3A8ECA1	03AD6431DE1BB33AD1640823EA3CB8CAD89C	good	-	-	1521799200.000000	1522404000.000000
1521912670.992227	FANQxj1P0X8bQlunLk	sha1	881A4A74FEFF4652F354BB510FD3A4EEEFE0A1C8	919E3B446C3D579C42772A34D74FD1CC4A972CDA	2000020D99F99D6C5481F164BF000000020D99	good	-	-	1521647059.000000	1521992659.000000
1521912671.551702	FS1e5qzmCUaTvEXD1	sha1	2985FC613DBE2FB0120F5E420E4C9EC3D59EFD7C	08FE259F74EA8704C2BCBB8EA8385F33C6D16C65	2D0001E8A309C019A913DB800C00000001E8A3	good	-	-	1521881229.000000	1522226829.000000
1521912671.639281	F72lku4gAotsUjHq38	sha1	2985FC613DBE2FB0120F5E420E4C9EC3D59EFD7C	08FE259F74EA8704C2BCBB8EA8385F33C6D16C65	2D0001E8A309C019A913DB800C00000001E8A3	good	-	-	1521870237.000000	1522215837.000000
1521912671.642054	F2I7VM3rePmXRvAWy2	sha1	881A4A74FEFF4652F354BB510FD3A4EEEFE0A1C8	919E3B446C3D579C42772A34D74FD1CC4A972CDA	2000020D99F99D6C5481F164BF000000020D99	good	-	-	1521647059.000000	1521992659.000000
1521912671.779027	F1Fn5V3siN8TP44sDi	sha1	7EE66AE7729AB3FCF8A220646C16A12D6071085D	A84A6A63047DDDBAE6D139B7A64565EFF3A8ECA1	0426EA52184A7A426D5723A0DD304ABDED53	good	-	-	1521673200.000000	1522278000.000000
1521912671.929768	FAexf83EXTfN7eD2j1	sha1	7D14CA1E3E08269E1A333D0E0E6FF31361215EEA	25F08AE14B7AD901950AEDC653F18C781FD9F3F8	0F683F2DFAC9EDF014148CA649DB4BAD	good	-	-	1521346550.000000	1521951350.000000
1521912672.059437	F47Chk1FDOjM30nCq4	sha1	2985FC613DBE2FB0120F5E420E4C9EC3D59EFD7C	08FE259F74EA8704C2BCBB8EA8385F33C6D16C65	2D0001E9A27AC87C2EC2109EF400000001E9A2	good	-	-	1521653076.000000	1521998676.000000
1521912672.070507	FEg85nBE2927tDx8h	sha1	7D14CA1E3E08269E1A333D0E0E6FF31361215EEA	25F08AE14B7AD901950AEDC653F18C781FD9F3F8	0F683F2DFAC9EDF014148CA649DB4BAD	good	-	-	1521346550.000000	1521951350.000000
1521912672.133444	FGcArRgpjajAs2eXb	sha1	2985FC613DBE2FB0120F5E420E4C9EC3D59EFD7C	08FE259F74EA8704C2BCBB8EA8385F33C6D16C65	2D0001F35422B3307EEC9502B500000001F354	good	-	-	1521784816.000000	1522130416.000000
1521912672.150691	FQQz0j3HUKVEZFrH2	sha1	2985FC613DBE2FB0120F5E420E4C9EC3D59EFD7C	08FE259F74EA8704C2BCBB8EA8385F33C6D16C65	2D0001ECAF9E372BB79299004F00000001ECAF	good	-	-	1521847499.000000	1522193099.000000
1521912672.355274	Fk8IsH2ajaIcqI58Kj	sha1	22AF001C8075620726E0C8931AECA7421C32123A	7A7B8CC1CFE7A0CA1CD46BFAFBE133C30F1AA29D	160000708D70A2A4CB63ABA1C700000000708D	good	-	-	1521634230.000000	1521979830.000000
1521912672.355960	Fa2LEW3AE0LWcVQG12	sha1	22AF001C8075620726E0C8931AECA7421C32123A	7A7B8CC1CFE7A0CA1CD46BFAFBE133C30F1AA29D	160000708D70A2A4CB63ABA1C700000000708D	good	-	-	1521634230.000000	1521979830.000000
1521912674.491888	FYJ2s5Ob8I1IvtFye	sha1	49F4BD8A18BF760698C5DE402D683B716AE4E686	3DD350A5D6A0ADEEF34A600A65D321D4F8F8D60F	08B4D5B90A94901DB83D5F8295B89CF9	good	-	-	1521602112.000000	1522204212.000000
1521912674.511772	FKvLci3gNSOBhHp0oj	sha1	49F4BD8A18BF760698C5DE402D683B716AE4E686	3DD350A5D6A0ADEEF34A600A65D321D4F8F8D60F	08B4D5B90A94901DB83D5F8295B89CF9	good	-	-	1521602112.000000	1522204212.000000
1521912674.512072	FpPJYe1HLvxlSQ6bv4	sha1	DFAA12E328B1094193E29F4282CE4740429558A3	B13EC36903F8BF4701D498261A0802EF63642BC3	0C79A944B08C11952092615FE26B1D83	good	-	-	1521849600.000000	1522454400.000000
1521912674.745936	FvkaCPABGV4Rq3nDl	sha1	105FA67A80089DB5279F35CE830B43889EA3C70D	0F80611C823161D52F28E78D4638B42CE1C6D9E2	0CA9C64361BFC92A79B1DD9CFB9E48EC	good	-	-	1521891067.000000	1522493167.000000
1521912674.798547	FOeeir2pgAK2H6sp9	sha1	105FA67A80089DB5279F35CE830B43889EA3C70D	0F80611C823161D52F28E78D4638B42CE1C6D9E2	017E45A31AA50BC35053BC50F9B69BAD	good	-	-	1521891993.000000	1522494093.000000
1521912674.899412	FAQlSl12A5KFwBDvHh	sha1	105FA67A80089DB5279F35CE830B43889EA3C70D	0F80611C823161D52F28E78D4638B42CE1C6D9E2	0CA9C64361BFC92A79B1DD9CFB9E48EC	good	-	-	1521891067.000000	1522493167.000000
1521912675.351475	FKy4rYbc6zruujG64	sha1	F6EDB0636232819A35F68D75A09D024A11AA6CAD	77C2B8509A677676B12DC286D083A07EA67EBA4B	0F663A6A364C36BD	good	-	-	1521899244.000000	1522504044.000000
1521912675.428740	FFdhud1Yk6isPCsDmd	sha1	105FA67A80089DB5279F35CE830B43889EA3C70D	0F80611C823161D52F28E78D4638B42CE1C6D9E2	0CA9C64361BFC92A79B1DD9CFB9E48EC	good	-	-	1521891067.000000	1522493167.000000
1521912675.562206	FaJtCt2ma1G8fqeXm7	sha1	105FA67A80089DB5279F35CE830B43889EA3C70D	0F80611C823161D52F28E78D4638B42CE1C6D9E2	03237A78C4E2E43EA97FCD0BC62AB3B3	good	-	-	1521896005.000000	1522498105.000000
1521912675.592367	FGTjcPB9ECUqdLjLd	sha1	F6EDB0636232819A35F68D75A09D024A11AA6CAD	77C2B8509A677676B12DC286D083A07EA67EBA4B	0F663A6A364C36BD	good	-	-	1521899244.000000	1522504044.000000
1521912675.764273	FzuC536SUIdbIdEqh	sha1	105FA67A80089DB5279F35CE830B43889EA3C70D	0F80611C823161D52F28E78D4638B42CE1C6D9E2	0CA9C64361BFC92A79B1DD9CFB9E48EC	good	-	-	1521891067.000000	1522493167.000000
1521912675.765739	FetH8x1FIkTc5RL2H3	sha1	105FA67A80089DB5279F35CE830B43889EA3C70D	0F80611C823161D52F28E78D4638B42CE1C6D9E2	0CA9C64361BFC92A79B1DD9CFB9E48EC	good	-	-	1521891067.000000	1522493167.000000
1521912675.925370	FN5twL2YcletDngBV7	sha1	105FA67A80089DB5279F35CE830B43889EA3C70D	0F80611C823161D52F28E78D4638B42CE1C6D9E2	091DD4F70C7F4355522FC298BD396057	good	-	-	1521897431.000000	1522499531.000000
1521912676.128366	FLwO15DXLxTyMHK53	sha1	105FA67A80089DB5279F35CE830B43889EA3C70D	0F80611C823161D52F28E78D4638B42CE1C6D9E2	0CA9C64361BFC92A79B1DD9CFB9E48EC	good	-	-	1521891067.000000	1522493167.000000
1521912676.129225	FPMx54tjQUnFfeXZ9	sha1	105FA67A80089DB5279F35CE830B43889EA3C70D	0F80611C823161D52F28E78D4638B42CE1C6D9E2	0CA9C64361BFC92A79B1DD9CFB9E48EC	good	-	-	1521891067.000000	1522493167.000000
1521912676.129562	FuPnFc1UbIm9LPvHQh	sha1	105FA67A80089DB5279F35CE830B43889EA3C70D	0F80611C823161D52F28E78D4638B42CE1C6D9E2	0CA9C64361BFC92A79B1DD9CFB9E48EC	good	-	-	1521891067.000000	1522493167.000000
1521912676.810727	FstSVj3kPIYIjNgaid	sha1	105FA67A80089DB5279F35CE830B43889EA3C70D	0F80611C823161D52F28E78D4638B42CE1C6D9E2	0CA9C64361BFC92A79B1DD9CFB9E48EC	good	-	-	1521891067.000000	1522493167.000000
1521912676.924774	FHnJuEZGYCtHfp8fl	sha1	105FA67A80089DB5279F35CE830B43889EA3C70D	0F80611C823161D52F28E78D4638B42CE1C6D9E2	0A9042DC0328DD06860AC42DCF3C74A4	good	-	-	1521886974.000000	1522489074.000000
1521912676.994211	FhnVje1BOsc1mYUMtj	sha1	105FA67A80089DB5279F35CE830B43889EA3C70D	0F80611C823161D52F28E78D4638B42CE1C6D9E2	0CA9C64361BFC92A79B1DD9CFB9E48EC	good	-	-	1521891067.000000	1522493167.000000
1521912677.025068	FZg4cXZSvYnjM0P7j	sha1	105FA67A80089DB5279F35CE830B43889EA3C70D	0F80611C823161D52F28E78D4638B42CE1C6D9E2	0CA9C64361BFC92A79B1DD9CFB9E48EC	good	-	-	1521891067.000000	1522493167.000000
1521912677.026060	FjB9ep3JWckPk5Jp6c	sha1	105FA67A80089DB5279F35CE830B43889EA3C70D	0F80611C823161D52F28E78D4638B42CE1C6D9E2	0CA9C64361BFC92A79B1DD9CFB9E48EC	good	-	-	1521891067.000000	1522493167.000000
1521912677.026382	Fb3Yos1og0dUmwKGN7	sha1	105FA67A80089DB5279F35CE830B43889EA3C70D	0F80611C823161D52F28E78D4638B42CE1C6D9E2	0CA9C64361BFC92A79B1DD9CFB9E48EC	good	-	-	1521891067.000000	1522493167.000000
1521912677.029414	FvpE8S39y8xMqttaH1	sha1	105FA67A80089DB5279F35CE830B43889EA3C70D	0F80611C823161D52F28E78D4638B42CE1C6D9E2	0CA9C64361BFC92A79B1DD9CFB9E48EC	good	-	-	1521891067.000000	1522493167.000000
1521912677.054189	Fo4Lmd1MQVbuwvEDz5	sha1	105FA67A80089DB5279F35CE830B43889EA3C70D	0F80611C823161D52F28E78D4638B42CE1C6D9E2	053595DDC488E3BD2185316C9E024A57	good	-	-	1521900099.000000	1522502199.000000
1521912677.126399	FXxyhl3hDORn1a0juj	sha1	105FA67A80089DB5279F35CE830B43889EA3C70D	0F80611C823161D52F28E78D4638B42CE1C6D9E2	0CA9C64361BFC92A79B1DD9CFB9E48EC	good	-	-	1521891067.000000	1522493167.000000
1521912677.369763	FBGu1R12U2xJanIDPf	sha1	105FA67A80089DB5279F35CE830B43889EA3C70D	0F80611C823161D52F28E78D4638B42CE1C6D9E2	0CA9C64361BFC92A79B1DD9CFB9E48EC	good	-	-	1521891067.000000	1522493167.000000
1521912678.413283	FOag3mTA5SPqn8PHf	sha1	F6EDB0636232819A35F68D75A09D024A11AA6CAD	77C2B8509A677676B12DC286D083A07EA67EBA4B	5B6A37F39B36AF7F	good	-	-	1521899223.000000	1522504023.000000
1521912678.451556	FjmVH43JFi3ZqKMNUl	sha1	F6EDB0636232819A35F68D75A09D024A11AA6CAD	77C2B8509A677676B12DC286D083A07EA67EBA4B	5B6A37F39B36AF7F	good	-	-	1521899223.000000	1522504023.000000
1521912678.507412	Fvlsxr3AJOAXfvIW6	sha1	F6EDB0636232819A35F68D75A09D024A11AA6CAD	77C2B8509A677676B12DC286D083A07EA67EBA4B	5B6A37F39B36AF7F	good	-	-	1521899223.000000	1522504023.000000
1521912680.170627	F26wJh1VBYHnPX1DHj	sha1	F6EDB0636232819A35F68D75A09D024A11AA6CAD	77C2B8509A677676B12DC286D083A07EA67EBA4B	7AEE77D0AA874D3A	good	-	-	1521899624.000000	1522504424.000000
1521912681.160914	FtHv7l28YO5luOtJLg	sha1	F6EDB0636232819A35F68D75A09D024A11AA6CAD	77C2B8509A677676B12DC286D083A07EA67EBA4B	6F2AB3C8D104ED87	good	-	-	1521899200.000000	1522504000.000000
1521912682.791860	FwcCz76NML2Yal4se	sha1	7EE66AE7729AB3FCF8A220646C16A12D6071085D	A84A6A63047DDDBAE6D139B7A64565EFF3A8ECA1	04AF12748E2EADB5025A9DA25E4480210F2C	good	-	-	1521860400.000000	1522465200.000000
1521912684.843926	FBafUX1uteFC73ayIg	sha1	49F4BD8A18BF760698C5DE402D683B716AE4E686	3DD350A5D6A0ADEEF34A600A65D321D4F8F8D60F	0AD9B00801718556792CD5C6FC12421D	good	-	-	1521887025.000000	1522489125.000000
1521912685.094027	F2VzUq4M538gx35lSa	sha1	7EE66AE7729AB3FCF8A220646C16A12D6071085D	A84A6A63047DDDBAE6D139B7A64565EFF3A8ECA1	03A7A7643EC4D7CF1AFF163C9D3B19147049	good	-	-	1521860400.000000	1522465200.000000
1521912685.582552	F35Tcrrfo333LKUCk	sha1	49F4BD8A18BF760698C5DE402D683B716AE4E686	3DD350A5D6A0ADEEF34A600A65D321D4F8F8D60F	0AD9B00801718556792CD5C6FC12421D	good	-	-	1521887025.000000	1522489125.000000
1521912687.030976	FCesCT3KnRFFG8kDS1	sha1	CF26F518FAC97E8F8CB342E01C2F6A109E8E5F0A	5168FF90AF0207753CCCD9656462A212B859723B	0AAD00F9B5C37AF9BA636F3E3DC3EA76	good	-	-	1521822186.000000	1522424286.000000
1521912687.223940	FVArii4eeqvgVDMl6h	sha1	CF26F518FAC97E8F8CB342E01C2F6A109E8E5F0A	5168FF90AF0207753CCCD9656462A212B859723B	084F9A2417AC05DFEDBEB764C9047506	good	-	-	1521882832.000000	1522484932.000000
1521912687.358278	FYoHBC2A0SgbUzgu22	sha1	CF26F518FAC97E8F8CB342E01C2F6A109E8E5F0A	5168FF90AF0207753CCCD9656462A212B859723B	0B59DE6B3BE5DE37F7864497B03DFED8	good	-	-	1521879967.000000	1522482067.000000
1521912687.359750	FvwWKX3gwtwZwoN7k7	sha1	CF26F518FAC97E8F8CB342E01C2F6A109E8E5F0A	5168FF90AF0207753CCCD9656462A212B859723B	0B59DE6B3BE5DE37F7864497B03DFED8	good	-	-	1521879967.000000	1522482067.000000
1521912687.416461	FUrWFH1G2vBhPcg8ua	sha1	CF26F518FAC97E8F8CB342E01C2F6A109E8E5F0A	5168FF90AF0207753CCCD9656462A212B859723B	0B59DE6B3BE5DE37F7864497B03DFED8	good	-	-	1521879967.000000	1522482067.000000
1521912687.419367	FlZVQQ1IDnVRNSyUYf	sha1	CF26F518FAC97E8F8CB342E01C2F6A109E8E5F0A	5168FF90AF0207753CCCD9656462A212B859723B	0B59DE6B3BE5DE37F7864497B03DFED8	good	-	-	1521879967.000000	1522482067.000000
1521912687.419722	F9HpqX20U8lSINLsR2	sha1	CF26F518FAC97E8F8CB342E01C2F6A109E8E5F0A	5168FF90AF0207753CCCD9656462A212B859723B	0B59DE6B3BE5DE37F7864497B03DFED8	good	-	-	1521879967.000000	1522482067.000000
1521912687.420191	FwjgnjulAUcWXSXme	sha1	CF26F518FAC97E8F8CB342E01C2F6A109E8E5F0A	5168FF90AF0207753CCCD9656462A212B859723B	0B59DE6B3BE5DE37F7864497B03DFED8	good	-	-	1521879967.000000	1522482067.000000
1521912687.420207	FmYDgM2Lt0wlBuD2d3	sha1	CF26F518FAC97E8F8CB342E01C2F6A109E8E5F0A	5168FF90AF0207753CCCD9656462A212B859723B	0B59DE6B3BE5DE37F7864497B03DFED8	good	-	-	1521879967.000000	1522482067.000000
1521912687.461216	FlTshh3rZ2ETO7SDO7	sha1	CF26F518FAC97E8F8CB342E01C2F6A109E8E5F0A	5168FF90AF0207753CCCD9656462A212B859723B	0B59DE6B3BE5DE37F7864497B03DFED8	good	-	-	1521879967.000000	1522482067.000000
1521912687.497190	FUCL5q3raMtJpstTi8	sha1	CF26F518FAC97E8F8CB342E01C2F6A109E8E5F0A	5168FF90AF0207753CCCD9656462A212B859723B	0B59DE6B3BE5DE37F7864497B03DFED8	good	-	-	1521879967.000000	1522482067.000000
1521912689.231592	FdTWfE23W73znQcSq3	sha1	CF26F518FAC97E8F8CB342E01C2F6A109E8E5F0A	5168FF90AF0207753CCCD9656462A212B859723B	0AAD00F9B5C37AF9BA636F3E3DC3EA76	good	-	-	1521800585.000000	1522402685.000000
1521912689.563748	F9jvGd1tc3DUDVvSZj	sha1	CF26F518FAC97E8F8CB342E01C2F6A109E8E5F0A	5168FF90AF0207753CCCD9656462A212B859723B	0B59DE6B3BE5DE37F7864497B03DFED8	good	-	-	1521879967.000000	1522482067.000000
1521912690.483208	FenHrx1RHGInS35BQh	sha1	84D56BF8098BD307B766D8E1EBAD6596AA6B6761	F5CDD53C0850F96A4F3AB797DA5683E669D268F7	26FB6665500C555B0482E4A6	good	-	-	1521908038.000000	1522253638.000000
1521912690.545668	FJwdJz3cEAdKYNMvve	sha1	B6080D5F6C6B76EB13E438A5F8660BA85233344E	40C2BD278ECC348330A233D7FB6CB3F0B42C80CE	84914FBDB16CC3B7	good	-	-	1521844237.000000	1521973837.000000
1521912691.088009	FTVajd1FnVfgl3FwFj	sha1	B18B0B019753072C7437D29DB3E18DA36CCE57E0	D26FF796F4853F723C307D23DA85789BA37C5A7C	37EE854F54BFBB949C928C78BAC0C2A8	good	-	-	1521710802.000000	1522315602.000000
1521912691.251170	F5ynDQ2gCuGj1rMnsi	sha1	1D236F8E064B971FDDDFA11523E1AEE502BE2B1B	3A9A8507106728B6EFF6BD05416E20C194DA0FDE	07	good	-	-	1521911118.000000	1522040718.000000
1521912692.066019	FqTwCK3cwwbCwntsZ4	sha1	CF26F518FAC97E8F8CB342E01C2F6A109E8E5F0A	5168FF90AF0207753CCCD9656462A212B859723B	0B59DE6B3BE5DE37F7864497B03DFED8	good	-	-	1521879967.000000	1522482067.000000
1521912692.075587	FBi13e1ayh8uoYSm75	sha1	CF26F518FAC97E8F8CB342E01C2F6A109E8E5F0A	5168FF90AF0207753CCCD9656462A212B859723B	0B59DE6B3BE5DE37F7864497B03DFED8	good	-	-	1521879967.000000	1522482067.000000
1521912693.156867	Fp8tNF3ZCu7VWKbk6j	sha1	7EE66AE7729AB3FCF8A220646C16A12D6071085D	A84A6A63047DDDBAE6D139B7A64565EFF3A8ECA1	030BAF0FF2803B572AAD9C7CB1BC6AFD3EE6	good	-	-	1521770400.000000	1522375200.000000
1521912704.785995	FfPVl34LF8n4ibhPxb	sha1	105FA67A80089DB5279F35CE830B43889EA3C70D	0F80611C823161D52F28E78D4638B42CE1C6D9E2	08CF7DA9B222C9D983C50D993F2F5437	good	-	-	1521537387.000000	1522139487.000000
1521912705.069865	Fr6tfCgMLdpdmmsnj	sha1	105FA67A80089DB5279F35CE830B43889EA3C70D	0F80611C823161D52F28E78D4638B42CE1C6D9E2	0CA9C64361BFC92A79B1DD9CFB9E48EC	good	-	-	1521891067.000000	1522493167.000000
1521912705.140978	FqN64u1Gyxd3UI1Jjg	sha1	12EADF46CC0880387360B65A691601CC0CB5E9E2	A92B87E1CE24473B1BBFCF853702559D0D9458E6	1EE35CC34B8A09338B624BE2	good	-	-	1521684579.000000	1522030179.000000
1521912705.141357	FXCiuU19Bughb7W6zj	sha1	49F4BD8A18BF760698C5DE402D683B716AE4E686	3DD350A5D6A0ADEEF34A600A65D321D4F8F8D60F	038978C7D6C06C01C6CC5F228F65A5D2	good	-	-	1521572076.000000	1522174176.000000
1521912705.143052	FZH5Yy192PTm3FsgD5	sha1	12EADF46CC0880387360B65A691601CC0CB5E9E2	A92B87E1CE24473B1BBFCF853702559D0D9458E6	37B5B95D9FCECD68D4D7C011	good	-	-	1521819519.000000	1522165119.000000
1521912705.840288	Fto50R1vD7ThRefail	sha1	F6EDB0636232819A35F68D75A09D024A11AA6CAD	77C2B8509A677676B12DC286D083A07EA67EBA4B	1DDEE8C5D3AEF314	good	-	-	1521899752.000000	1522504552.000000
1521912708.155560	Fef0dr3enNwwcCH3S4	sha1	2985FC613DBE2FB0120F5E420E4C9EC3D59EFD7C	08FE259F74EA8704C2BCBB8EA8385F33C6D16C65	2D0001F35422B3307EEC9502B500000001F354	good	-	-	1521784816.000000	1522130416.000000
1521912709.857071	FoGYViVIiHwSzehVa	sha1	4F0B5BD9B7DAAF9FB6F363722276D6E195AE2629	58889FD6DC9C4822B7143EFF8488E8E685FFFA7D	7B0000E1966872776ADA4284FB00000000E196	good	-	-	1521837882.000000	1522183482.000000
1521912709.863127	F9IIHc4L4q7XEJk2Rh	sha1	4F0B5BD9B7DAAF9FB6F363722276D6E195AE2629	58889FD6DC9C4822B7143EFF8488E8E685FFFA7D	7B0000E1966872776ADA4284FB00000000E196	good	-	-	1521837882.000000	1522183482.000000
1521912709.922500	F2bayaMUGOUFnpfE3	sha1	22AF001C8075620726E0C8931AECA7421C32123A	7A7B8CC1CFE7A0CA1CD46BFAFBE133C30F1AA29D	160000CF976A00565F72CE44D500000000CF97	good	-	-	1521826135.000000	1522171735.000000
1521912710.517326	F2ELUw4da9AMc8nFSb	sha1	22AF001C8075620726E0C8931AECA7421C32123A	7A7B8CC1CFE7A0CA1CD46BFAFBE133C30F1AA29D	160000A226527171F754ACC41600000000A226	good	-	-	1521599423.000000	1521945023.000000
1521912711.314609	FS9LSDnq4Dz0avuM6	sha1	22AF001C8075620726E0C8931AECA7421C32123A	7A7B8CC1CFE7A0CA1CD46BFAFBE133C30F1AA29D	160000CF976A00565F72CE44D500000000CF97	good	-	-	1521804110.000000	1522149710.000000
1521912721.151591	Fl09cJE5ElLSz7B33	sha1	12EADF46CC0880387360B65A691601CC0CB5E9E2	A92B87E1CE24473B1BBFCF853702559D0D9458E6	210879A6D38EDF7AA38F47F7	good	-	-	1521906475.000000	1522252075.000000
1521912721.153055	FbrcwtOKfoLhPxgP1	sha1	12EADF46CC0880387360B65A691601CC0CB5E9E2	A92B87E1CE24473B1BBFCF853702559D0D9458E6	30C6AAAF40F2D8BA55153F88	good	-	-	1521903536.000000	1522249136.000000
1521912721.348933	FkvUlJ2t08qlDB0wXj	sha1	12EADF46CC0880387360B65A691601CC0CB5E9E2	A92B87E1CE24473B1BBFCF853702559D0D9458E6	210879A6D38EDF7AA38F47F7	good	-	-	1521906475.000000	1522252075.000000
1521912721.352237	FOI9AtJDLL5VanSc2	sha1	12EADF46CC0880387360B65A691601CC0CB5E9E2	A92B87E1CE24473B1BBFCF853702559D0D9458E6	762CA49C0F2708C53B105B94	good	-	-	1521898676.000000	1522244276.000000
1521912722.318540	FZnPYO1leIOIhIXnRc	sha1	CF26F518FAC97E8F8CB342E01C2F6A109E8E5F0A	5168FF90AF0207753CCCD9656462A212B859723B	0B59DE6B3BE5DE37F7864497B03DFED8	good	-	-	1521879967.000000	1522482067.000000
1521912722.319777	F4vNGB4utEvqrlblaf	sha1	CF26F518FAC97E8F8CB342E01C2F6A109E8E5F0A	5168FF90AF0207753CCCD9656462A212B859723B	0B59DE6B3BE5DE37F7864497B03DFED8	good	-	-	1521879967.000000	1522482067.000000
1521912722.816215	Ff1NX3KH3XykPAkej	sha1	12EADF46CC0880387360B65A691601CC0CB5E9E2	A92B87E1CE24473B1BBFCF853702559D0D9458E6	6D2776F639A7B4A96EE091B2	good	-	-	1521893213.000000	1522238813.000000
1521912723.146812	FrdfUm1sqDEYxHuVie	sha1	12EADF46CC0880387360B65A691601CC0CB5E9E2	A92B87E1CE24473B1BBFCF853702559D0D9458E6	210879A6D38EDF7AA38F47F7	good	-	-	1521906475.000000	1522252075.000000
1521912723.249169	FsuJaP3PC4r1VygC78	sha1	12EADF46CC0880387360B65A691601CC0CB5E9E2	A92B87E1CE24473B1BBFCF853702559D0D9458E6	76DA5993992DCAD802775EE5	good	-	-	1521895249.000000	1522240849.000000
1521912724.077521	FVr9ZP2lvLXMSwy3hh	sha1	12EADF46CC0880387360B65A691601CC0CB5E9E2	A92B87E1CE24473B1BBFCF853702559D0D9458E6	210879A6D38EDF7AA38F47F7	good	-	-	1521906475.000000	1522252075.000000
1521912724.780723	FahLlo4hrK5BDMIPE5	sha1	49F4BD8A18BF760698C5DE402D683B716AE4E686	3DD350A5D6A0ADEEF34A600A65D321D4F8F8D60F	0BFDB4090AD7B5E640C30B16C9529A27	good	-	-	1521880096.000000	1522482196.000000
1521912725.082291	FCz9ebZ5DY6Q6f0rb	sha1	EEA8BF762F7B6390DEBB44D145FC476F4FA344CC	C012B22874684667E97025741A00455B067D5C44	0551B592FA53CF2052B8B70F275CC159	good	-	-	1521900125.000000	1522502225.000000
1521912741.268977	FZhMvk3Ws0GJ4gSiOh	sha1	105FA67A80089DB5279F35CE830B43889EA3C70D	0F80611C823161D52F28E78D4638B42CE1C6D9E2	0E87C3CD55D57AE973D2952C199DD8BF	good	-	-	1521884322.000000	1522486422.000000
1521912750.876486	FvYxzVdz7HsKpiDId	sha1	7EE66AE7729AB3FCF8A220646C16A12D6071085D	A84A6A63047DDDBAE6D139B7A64565EFF3A8ECA1	03AA4FD11233263374EA4B849991BEA532F7	good	-	-	1521676800.000000	1522281600.000000
1521912750.892352	FKgf8r2QIyERN8bpzb	sha1	7EE66AE7729AB3FCF8A220646C16A12D6071085D	A84A6A63047DDDBAE6D139B7A64565EFF3A8ECA1	03AA4FD11233263374EA4B849991BEA532F7	good	-	-	1521676800.000000	1522281600.000000
1521912752.328214	FwtlTm3jB73TWf3jEk	sha1	7AE13EE8A0C42A2CB428CBE7A605461940E2A1E9	90AF6A3A945A0BD890EA125673DF43B43A28DAE7	01443027ADB0544CF07EAB358331E22E	good	-	-	1521615787.000000	1522220587.000000
1521912752.359414	FGI6by1iHHawELsJc2	sha1	7AE13EE8A0C42A2CB428CBE7A605461940E2A1E9	90AF6A3A945A0BD890EA125673DF43B43A28DAE7	01443027ADB0544CF07EAB358331E22E	good	-	-	1521615787.000000	1522220587.000000
1521912752.735873	F30rhaank7rJJONL2	sha1	7AE13EE8A0C42A2CB428CBE7A605461940E2A1E9	90AF6A3A945A0BD890EA125673DF43B43A28DAE7	01443027ADB0544CF07EAB358331E22E	good	-	-	1521615787.000000	1522220587.000000
1521912752.736574	Fcw5PN3kmT0S6ApWF9	sha1	7AE13EE8A0C42A2CB428CBE7A605461940E2A1E9	90AF6A3A945A0BD890EA125673DF43B43A28DAE7	01443027ADB0544CF07EAB358331E22E	good	-	-	1521615787.000000	1522220587.000000
1521912753.157907	F6wAft1IlJJQW4PU3	sha1	7AE13EE8A0C42A2CB428CBE7A605461940E2A1E9	90AF6A3A945A0BD890EA125673DF43B43A28DAE7	01443027ADB0544CF07EAB358331E22E	good	-	-	1521615787.000000	1522220587.000000
1521912753.163451	Fs0ds53pArbbmHhGWe	sha1	7AE13EE8A0C42A2CB428CBE7A605461940E2A1E9	90AF6A3A945A0BD890EA125673DF43B43A28DAE7	01443027ADB0544CF07EAB358331E22E	good	-	-	1521615787.000000	1522220587.000000
1521912753.323773	F7eAFj4r8P6LXULP06	sha1	F6EDB0636232819A35F68D75A09D024A11AA6CAD	77C2B8509A677676B12DC286D083A07EA67EBA4B	7AEE77D0AA874D3A	good	-	-	1521899624.000000	1522504424.000000
1521912754.928085	FidQXeu5nrjQkFWlj	sha1	2985FC613DBE2FB0120F5E420E4C9EC3D59EFD7C	08FE259F74EA8704C2BCBB8EA8385F33C6D16C65	2D0001F35422B3307EEC9502B500000001F354	good	-	-	1521784816.000000	1522130416.000000
1521912759.430261	F3Io8N2ezwE2Gf1uQ3	sha1	105FA67A80089DB5279F35CE830B43889EA3C70D	0F80611C823161D52F28E78D4638B42CE1C6D9E2	0ABFDFA0D326FF061BC7ADFA62091075	good	-	-	1521454993.000000	1522057093.000000
1521912759.669800	FxdY8G2cqY1qd3IVQl	sha1	105FA67A80089DB5279F35CE830B43889EA3C70D	0F80611C823161D52F28E78D4638B42CE1C6D9E2	0ABFDFA0D326FF061BC7ADFA62091075	good	-	-	1521454993.000000	1522057093.000000
1521912759.888302	F8Crho4tqL8nz3X6Q	sha1	CEA633847FA2C6D73E768EA031C03953C6868E0A	40096167F0BC83714FDE12082C6FD4D42B763D96	EBB96E2A8D5A8BBC2645198CE6B4EB6D	good	-	-	1521733364.000000	1522338164.000000
1521912759.896184	FkbpEi1DZr1XaGaHl	sha1	CEA633847FA2C6D73E768EA031C03953C6868E0A	40096167F0BC83714FDE12082C6FD4D42B763D96	EBB96E2A8D5A8BBC2645198CE6B4EB6D	good	-	-	1521733364.000000	1522338164.000000
1521912760.420347	FDhSzC3ypZ29l1dZy2	sha1	12EADF46CC0880387360B65A691601CC0CB5E9E2	A92B87E1CE24473B1BBFCF853702559D0D9458E6	235BB76AB086AFD8F1E58278	good	-	-	1521694245.000000	1522039845.000000
1521912761.479051	FyV8UX2CVTCgy6tua	sha1	105FA67A80089DB5279F35CE830B43889EA3C70D	0F80611C823161D52F28E78D4638B42CE1C6D9E2	0CA9C64361BFC92A79B1DD9CFB9E48EC	good	-	-	1521891067.000000	1522493167.000000
1521912762.652229	FGAoxz1Z87AvAwBxce	sha1	CF26F518FAC97E8F8CB342E01C2F6A109E8E5F0A	5168FF90AF0207753CCCD9656462A212B859723B	0E11BBD70D54B710D0C6F540B6B52CA4	good	-	-	1521560232.000000	1522162332.000000
1521912763.028072	FeMva23wAjsN1e0Iij	sha1	CF26F518FAC97E8F8CB342E01C2F6A109E8E5F0A	5168FF90AF0207753CCCD9656462A212B859723B	0E11BBD70D54B710D0C6F540B6B52CA4	good	-	-	1521560232.000000	1522162332.000000
1521912763.028402	FyC27X1l2pd1XjV1v3	sha1	CF26F518FAC97E8F8CB342E01C2F6A109E8E5F0A	5168FF90AF0207753CCCD9656462A212B859723B	0E11BBD70D54B710D0C6F540B6B52CA4	good	-	-	1521560232.000000	1522162332.000000
1521912763.034053	FEZEjV2fTG6RgXAvj3	sha1	CF26F518FAC97E8F8CB342E01C2F6A109E8E5F0A	5168FF90AF0207753CCCD9656462A212B859723B	0E11BBD70D54B710D0C6F540B6B52CA4	good	-	-	1521560232.000000	1522162332.000000
1521912763.319703	F9qW0z3pmfJO2XHv7d	sha1	B6080D5F6C6B76EB13E438A5F8660BA85233344E	40C2BD278ECC348330A233D7FB6CB3F0B42C80CE	A80B9B37F7C73200	good	-	-	1521911060.000000	1522040660.000000
1521912763.320290	FTXhvC2f6ZmPh0kCSh	sha1	B6080D5F6C6B76EB13E438A5F8660BA85233344E	40C2BD278ECC348330A233D7FB6CB3F0B42C80CE	A80B9B37F7C73200	good	-	-	1521911060.000000	1522040660.000000
1521912763.320392	FOHzpsNiMICud2pPk	sha1	B6080D5F6C6B76EB13E438A5F8660BA85233344E	40C2BD278ECC348330A233D7FB6CB3F0B42C80CE	A80B9B37F7C73200	good	-	-	1521911060.000000	1522040660.000000
1521912763.320831	FYIDVP3dc48bITR9l8	sha1	B6080D5F6C6B76EB13E438A5F8660BA85233344E	40C2BD278ECC348330A233D7FB6CB3F0B42C80CE	A80B9B37F7C73200	good	-	-	1521911060.000000	1522040660.000000
1521912763.441188	F1VExY24x57bL7BYVg	sha1	CF26F518FAC97E8F8CB342E01C2F6A109E8E5F0A	5168FF90AF0207753CCCD9656462A212B859723B	0D9C0A15A8E1F3E29656EAFD692AE3E1	good	-	-	1521894895.000000	1522496995.000000
1521912763.639412	F2jqfN2aqPaJEJVtR9	sha1	CF26F518FAC97E8F8CB342E01C2F6A109E8E5F0A	5168FF90AF0207753CCCD9656462A212B859723B	0D9C0A15A8E1F3E29656EAFD692AE3E1	good	-	-	1521873296.000000	1522475396.000000
1521912763.735148	FeHn8x4LT30C50RwC6	sha1	CF26F518FAC97E8F8CB342E01C2F6A109E8E5F0A	5168FF90AF0207753CCCD9656462A212B859723B	08EE8C043FCB4E6E4E782350FE450E09	good	-	-	1521882960.000000	1522485060.000000
1521912764.717404	F1k9Rc3OSJEeVgBxha	sha1	22AF001C8075620726E0C8931AECA7421C32123A	7A7B8CC1CFE7A0CA1CD46BFAFBE133C30F1AA29D	160000CF976A00565F72CE44D500000000CF97	good	-	-	1521826135.000000	1522171735.000000
1521912765.492684	FTXWr43ZgbKYz8sEwh	sha1	CF26F518FAC97E8F8CB342E01C2F6A109E8E5F0A	5168FF90AF0207753CCCD9656462A212B859723B	0E11BBD70D54B710D0C6F540B6B52CA4	good	-	-	1521560232.000000	1522162332.000000
1521912765.939386	F017Rk3YEUKn0SeBki	sha1	2985FC613DBE2FB0120F5E420E4C9EC3D59EFD7C	08FE259F74EA8704C2BCBB8EA8385F33C6D16C65	2D0001E8A309C019A913DB800C00000001E8A3	good	-	-	1521881229.000000	1522226829.000000
1521912765.997898	FMqdRi1bldhwdNVJ61	sha1	4F0B5BD9B7DAAF9FB6F363722276D6E195AE2629	58889FD6DC9C4822B7143EFF8488E8E685FFFA7D	7B0000E1966872776ADA4284FB00000000E196	good	-	-	1521837882.000000	1522183482.000000
1521912765.998023	FT7WrD1AZGiXPkEEN9	sha1	4F0B5BD9B7DAAF9FB6F363722276D6E195AE2629	58889FD6DC9C4822B7143EFF8488E8E685FFFA7D	7B0000E1966872776ADA4284FB00000000E196	good	-	-	1521837882.000000	1522183482.000000
1521912765.999921	FedOS63HtOhK4lzBIk	sha1	4F0B5BD9B7DAAF9FB6F363722276D6E195AE2629	58889FD6DC9C4822B7143EFF8488E8E685FFFA7D	7B0000E1966872776ADA4284FB00000000E196	good	-	-	1521837882.000000	1522183482.000000
1521912766.007355	FXFVl03O7vBosyQ2fj	sha1	4F0B5BD9B7DAAF9FB6F363722276D6E195AE2629	58889FD6DC9C4822B7143EFF8488E8E685FFFA7D	7B0000E1966872776ADA4284FB00000000E196	good	-	-	1521837882.000000	1522183482.000000
1521912766.007780	FgvJXR2C7bZAJYCRbi	sha1	4F0B5BD9B7DAAF9FB6F363722276D6E195AE2629	58889FD6DC9C4822B7143EFF8488E8E685FFFA7D	7B0000E1966872776ADA4284FB00000000E196	good	-	-	1521837882.000000	1522183482.000000
1521912766.007785	FjO7hDauX3XWyYDae	sha1	4F0B5BD9B7DAAF9FB6F363722276D6E195AE2629	58889FD6DC9C4822B7143EFF8488E8E685FFFA7D	7B0000E1966872776ADA4284FB00000000E196	good	-	-	1521837882.000000	1522183482.000000
1521912766.007980	F0WhlP3aZkbunD4iU9	sha1	4F0B5BD9B7DAAF9FB6F363722276D6E195AE2629	58889FD6DC9C4822B7143EFF8488E8E685FFFA7D	7B0000E1966872776ADA4284FB00000000E196	good	-	-	1521837882.000000	1522183482.000000
1521912766.072689	Fv7Pre3d4uyOyOMmv9	sha1	D1B1648B8C9F0DD16BA38ACD2B5017D5F9CFC064	5F60CF619055DF8443148A602AB2F57AF44318EF	0228A2D966DFA844AD06FDE8B3FD87EC	good	-	-	1521832264.000000	1522437064.000000
1521912766.780386	FQt4ID4J6zqsj6ZMId	sha1	22AF001C8075620726E0C8931AECA7421C32123A	7A7B8CC1CFE7A0CA1CD46BFAFBE133C30F1AA29D	160000CF976A00565F72CE44D500000000CF97	good	-	-	1521804110.000000	1522149710.000000
1521912767.498519	FpYPFbww4B90CNNjh	sha1	4F0B5BD9B7DAAF9FB6F363722276D6E195AE2629	58889FD6DC9C4822B7143EFF8488E8E685FFFA7D	7B0000E1966872776ADA4284FB00000000E196	good	-	-	1521837882.000000	1522183482.000000
1521912767.618084	F2e4yn3ymOXUONroPh	sha1	22AF001C8075620726E0C8931AECA7421C32123A	7A7B8CC1CFE7A0CA1CD46BFAFBE133C30F1AA29D	160000CF976A00565F72CE44D500000000CF97	good	-	-	1521868362.000000	1522213962.000000
1521912767.638702	FZd6yPGoYj1p454E7	sha1	22AF001C8075620726E0C8931AECA7421C32123A	7A7B8CC1CFE7A0CA1CD46BFAFBE133C30F1AA29D	160000CF976A00565F72CE44D500000000CF97	good	-	-	1521736899.000000	1522082499.000000
1521912767.646062	F9oiaZ12bfqlFk8S4a	sha1	22AF001C8075620726E0C8931AECA7421C32123A	7A7B8CC1CFE7A0CA1CD46BFAFBE133C30F1AA29D	160000CF976A00565F72CE44D500000000CF97	good	-	-	1521736899.000000	1522082499.000000
1521912769.757190	F2dpcq42i0FvuhDqt3	sha1	CF26F518FAC97E8F8CB342E01C2F6A109E8E5F0A	5168FF90AF0207753CCCD9656462A212B859723B	0E11BBD70D54B710D0C6F540B6B52CA4	good	-	-	1521560232.000000	1522162332.000000
1521912769.790856	FMe7W22qQAe5kfo3Y2	sha1	49F4BD8A18BF760698C5DE402D683B716AE4E686	3DD350A5D6A0ADEEF34A600A65D321D4F8F8D60F	038978C7D6C06C01C6CC5F228F65A5D2	good	-	-	1521572076.000000	1522174176.000000
1521912769.792294	FssTFlo7PoKGPAJdk	sha1	49F4BD8A18BF760698C5DE402D683B716AE4E686	3DD350A5D6A0ADEEF34A600A65D321D4F8F8D60F	038978C7D6C06C01C6CC5F228F65A5D2	good	-	-	1521572076.000000	1522174176.000000
1521912770.530472	F3zZ6Y3EeX07FnCCEb	sha1	12EADF46CC0880387360B65A691601CC0CB5E9E2	A92B87E1CE24473B1BBFCF853702559D0D9458E6	1EE35CC34B8A09338B624BE2	good	-	-	1521684579.000000	1522030179.000000
1521912770.623445	FFrHQy4nt9C29TvTi7	sha1	CEA633847FA2C6D73E768EA031C03953C6868E0A	40096167F0BC83714FDE12082C6FD4D42B763D96	62CADD9C88183ECD666482E40DAB33E1	good	-	-	1521476961.000000	1522081761.000000
1521912770.676919	FpyJ2b19Q9mcmCTNNc	sha1	12EADF46CC0880387360B65A691601CC0CB5E9E2	A92B87E1CE24473B1BBFCF853702559D0D9458E6	2915BDE5AB2EA8DDF93EC3F3	good	-	-	1521712033.000000	1522057633.000000
1521912771.059923	F6RwLA3vKWaQmV65Fk	sha1	CF26F518FAC97E8F8CB342E01C2F6A109E8E5F0A	5168FF90AF0207753CCCD9656462A212B859723B	0AAD00F9B5C37AF9BA636F3E3DC3EA76	good	-	-	1521800585.000000	1522402685.000000
1521912779.667153	FZCubi27tcVE45iKSf	sha1	49F4BD8A18BF760698C5DE402D683B716AE4E686	3DD350A5D6A0ADEEF34A600A65D321D4F8F8D60F	0AD9B00801718556792CD5C6FC12421D	good	-	-	1521887025.000000	1522489125.000000
1521912780.044157	F7rytG2422Gg5E30Ci	sha1	49F4BD8A18BF760698C5DE402D683B716AE4E686	3DD350A5D6A0ADEEF34A600A65D321D4F8F8D60F	0AD9B00801718556792CD5C6FC12421D	good	-	-	1521887025.000000	1522489125.000000
1521912782.901571	F267G1L0GcbIxomZ9	sha1	881A4A74FEFF4652F354BB510FD3A4EEEFE0A1C8	919E3B446C3D579C42772A34D74FD1CC4A972CDA	2000020D99F99D6C5481F164BF000000020D99	good	-	-	1521647059.000000	1521992659.000000
1521912783.118118	Fx9MSh4hBpCNiZPs3d	sha1	2985FC613DBE2FB0120F5E420E4C9EC3D59EFD7C	08FE259F74EA8704C2BCBB8EA8385F33C6D16C65	2D0001E8A309C019A913DB800C00000001E8A3	good	-	-	1521881229.000000	1522226829.000000
1521912783.194778	FC8oPl1C56Kg1Ds9te	sha1	881A4A74FEFF4652F354BB510FD3A4EEEFE0A1C8	919E3B446C3D579C42772A34D74FD1CC4A972CDA	2000020D99F99D6C5481F164BF000000020D99	good	-	-	1521647059.000000	1521992659.000000
1521912783.350626	Fw6enD1hwGrSpJJcf8	sha1	7D14CA1E3E08269E1A333D0E0E6FF31361215EEA	25F08AE14B7AD901950AEDC653F18C781FD9F3F8	0F683F2DFAC9EDF014148CA649DB4BAD	good	-	-	1521346550.000000	1521951350.000000
1521912783.350944	F86Zkd3EIeOvY8rHEi	sha1	7D14CA1E3E08269E1A333D0E0E6FF31361215EEA	25F08AE14B7AD901950AEDC653F18C781FD9F3F8	0F683F2DFAC9EDF014148CA649DB4BAD	good	-	-	1521346550.000000	1521951350.000000
1521912783.452850	FYvtGt2DBuc2on40f5	sha1	7D14CA1E3E08269E1A333D0E0E6FF31361215EEA	25F08AE14B7AD901950AEDC653F18C781FD9F3F8	0F683F2DFAC9EDF014148CA649DB4BAD	good	-	-	1521346550.000000	1521951350.000000
1521912784.731329	FH4k8V3ZrmjxiLxE14	sha1	2985FC613DBE2FB0120F5E420E4C9EC3D59EFD7C	08FE259F74EA8704C2BCBB8EA8385F33C6D16C65	2D0001E9A27AC87C2EC2109EF400000001E9A2	good	-	-	1521653076.000000	1521998676.000000
1521912784.734689	Fb3bXXJ6ltshCB1C	sha1	2985FC613DBE2FB0120F5E420E4C9EC3D59EFD7C	08FE259F74EA8704C2BCBB8EA8385F33C6D16C65	2D0001ECAF9E372BB79299004F00000001ECAF	good	-	-	1521847499.000000	1522193099.000000
1521912784.779437	FcIOUn17MFakZe1zYb	sha1	2985FC613DBE2FB0120F5E420E4C9EC3D59EFD7C	08FE259F74EA8704C2BCBB8EA8385F33C6D16C65	2D0001F35422B3307EEC9502B500000001F354	good	-	-	1521784816.000000	1522130416.000000
1521912785.204635	FfeKJW3WQ6F7tj29m1	sha1	F7C4BE0B40B5C344333D3FAEB94D6E38DAFAEC51	45EBA2AFF492CB82312D518BA7A7219DF36DC80F	0409181B5FD5BB66755343B56F955008	good	-	-	1521849600.000000	1522454400.000000
1521912785.223996	FucG521r58FTmEgzf5	sha1	A7478168C4B2E423BBE4BEC50816566DFA5187DE	5AC4B97B2A0AA3A5EA7103C060F92DF665750E58	08B8D3C136349C70F4D85813400F1D6C	good	-	-	1521904520.000000	1522506620.000000
1521912785.291774	FixNsl3oM9NBxjt1uj	sha1	2985FC613DBE2FB0120F5E420E4C9EC3D59EFD7C	08FE259F74EA8704C2BCBB8EA8385F33C6D16C65	2D00024FC829578D479DAB54CF000000024FC8	good	-	-	1521828411.000000	1522174011.000000
1521912785.387902	FRdKlS1vFOC6zfVoyj	sha1	84D56BF8098BD307B766D8E1EBAD6596AA6B6761	F5CDD53C0850F96A4F3AB797DA5683E669D268F7	26FB6665500C555B0482E4A6	good	-	-	1521908038.000000	1522253638.000000
1521912792.208089	FfVYdQ1Xf61aiPdN32	sha1	12EADF46CC0880387360B65A691601CC0CB5E9E2	A92B87E1CE24473B1BBFCF853702559D0D9458E6	30C6AAAF40F2D8BA55153F88	good	-	-	1521903536.000000	1522249136.000000
1521912792.226271	FeJDXb41oBbY3FCWn	sha1	12EADF46CC0880387360B65A691601CC0CB5E9E2	A92B87E1CE24473B1BBFCF853702559D0D9458E6	762CA49C0F2708C53B105B94	good	-	-	1521898676.000000	1522244276.000000
1521912793.251397	FRZq2d3nOvH1gjorZc	sha1	12EADF46CC0880387360B65A691601CC0CB5E9E2	A92B87E1CE24473B1BBFCF853702559D0D9458E6	210879A6D38EDF7AA38F47F7	good	-	-	1521906475.000000	1522252075.000000
1521912793.331124	Ftzoqx1ngDCAegBNed	sha1	12EADF46CC0880387360B65A691601CC0CB5E9E2	A92B87E1CE24473B1BBFCF853702559D0D9458E6	6D2776F639A7B4A96EE091B2	good	-	-	1521893213.000000	1522238813.000000
1521912793.582338	F3xcek3fc4tkAu8Zib	sha1	12EADF46CC0880387360B65A691601CC0CB5E9E2	A92B87E1CE24473B1BBFCF853702559D0D9458E6	76DA5993992DCAD802775EE5	good	-	-	1521895249.000000	1522240849.000000
1521912793.783056	FkTXqa151CjiAFXlj6	sha1	12EADF46CC0880387360B65A691601CC0CB5E9E2	A92B87E1CE24473B1BBFCF853702559D0D9458E6	210879A6D38EDF7AA38F47F7	good	-	-	1521906475.000000	1522252075.000000
1521912799.402488	F5pWTF1nZEv2r2t8gl	sha1	CF26F518FAC97E8F8CB342E01C2F6A109E8E5F0A	5168FF90AF0207753CCCD9656462A212B859723B	0E11BBD70D54B710D0C6F540B6B52CA4	good	-	-	1521560232.000000	1522162332.000000
1521912801.091591	FraQ0N2iXsgl5FEiP6	sha1	2985FC613DBE2FB0120F5E420E4C9EC3D59EFD7C	08FE259F74EA8704C2BCBB8EA8385F33C6D16C65	2D0001E8A309C019A913DB800C00000001E8A3	good	-	-	1521894043.000000	1522239643.000000
1521912801.137401	FyY6161HeA0WMfXPb4	sha1	4F0B5BD9B7DAAF9FB6F363722276D6E195AE2629	58889FD6DC9C4822B7143EFF8488E8E685FFFA7D	7B0000E1966872776ADA4284FB00000000E196	good	-	-	1521837882.000000	1522183482.000000
1521912801.158111	F7xsLADdzrfRsmzX5	sha1	4F0B5BD9B7DAAF9FB6F363722276D6E195AE2629	58889FD6DC9C4822B7143EFF8488E8E685FFFA7D	7B0000E1966872776ADA4284FB00000000E196	good	-	-	1521837882.000000	1522183482.000000
1521912801.179154	FJSjcr2bLHXL092bb2	sha1	2985FC613DBE2FB0120F5E420E4C9EC3D59EFD7C	08FE259F74EA8704C2BCBB8EA8385F33C6D16C65	2D0001F35422B3307EEC9502B500000001F354	good	-	-	1521876402.000000	1522222002.000000
1521912801.809075	FJSane3o9XKipbfGCf	sha1	2985FC613DBE2FB0120F5E420E4C9EC3D59EFD7C	08FE259F74EA8704C2BCBB8EA8385F33C6D16C65	2D0001E8A309C019A913DB800C00000001E8A3	good	-	-	1521881229.000000	1522226829.000000
1521912810.089542	FoZ06q22MallHEPhZ4	sha1	105FA67A80089DB5279F35CE830B43889EA3C70D	0F80611C823161D52F28E78D4638B42CE1C6D9E2	0441863B81E6C5BAB060B2031D1D111E	good	-	-	1521885471.000000	1522487571.000000
1521912810.089548	F26vjB3M0wC85LGxs3	sha1	105FA67A80089DB5279F35CE830B43889EA3C70D	0F80611C823161D52F28E78D4638B42CE1C6D9E2	0441863B81E6C5BAB060B2031D1D111E	good	-	-	1521885471.000000	1522487571.000000
1521912810.089688	FmmtLp4kJdjSCpWl64	sha1	105FA67A80089DB5279F35CE830B43889EA3C70D	0F80611C823161D52F28E78D4638B42CE1C6D9E2	0441863B81E6C5BAB060B2031D1D111E	good	-	-	1521885471.000000	1522487571.000000
1521912810.090011	FdUqry4U9IGvz7pTQ2	sha1	105FA67A80089DB5279F35CE830B43889EA3C70D	0F80611C823161D52F28E78D4638B42CE1C6D9E2	0441863B81E6C5BAB060B2031D1D111E	good	-	-	1521885471.000000	1522487571.000000
1521912810.090015	FgZztO1aNXSWVT9Avh	sha1	105FA67A80089DB5279F35CE830B43889EA3C70D	0F80611C823161D52F28E78D4638B42CE1C6D9E2	0441863B81E6C5BAB060B2031D1D111E	good	-	-	1521885471.000000	1522487571.000000
1521912810.401915	F7G7vA4pSaFzTVEWhj	sha1	105FA67A80089DB5279F35CE830B43889EA3C70D	0F80611C823161D52F28E78D4638B42CE1C6D9E2	0CA9C64361BFC92A79B1DD9CFB9E48EC	good	-	-	1521891067.000000	1522493167.000000
1521912810.576252	FK2it52khVDaglzYZ4	sha1	105FA67A80089DB5279F35CE830B43889EA3C70D	0F80611C823161D52F28E78D4638B42CE1C6D9E2	0A28F6FC1B839BA24A241E908F05E622	good	-	-	1521886887.000000	1522488987.000000
1521912810.576397	FWViRj2I0fR4S8Ibqh	sha1	105FA67A80089DB5279F35CE830B43889EA3C70D	0F80611C823161D52F28E78D4638B42CE1C6D9E2	0A28F6FC1B839BA24A241E908F05E622	good	-	-	1521886887.000000	1522488987.000000
1521912810.576450	FAbN8aoP6VTe6H6Q2	sha1	105FA67A80089DB5279F35CE830B43889EA3C70D	0F80611C823161D52F28E78D4638B42CE1C6D9E2	0A28F6FC1B839BA24A241E908F05E622	good	-	-	1521886887.000000	1522488987.000000
1521912810.577305	FSSRot2WNoRZRVPTGa	sha1	105FA67A80089DB5279F35CE830B43889EA3C70D	0F80611C823161D52F28E78D4638B42CE1C6D9E2	0A28F6FC1B839BA24A241E908F05E622	good	-	-	1521886887.000000	1522488987.000000
1521912810.578576	FbsSAM3rFbKBzOyyjl	sha1	105FA67A80089DB5279F35CE830B43889EA3C70D	0F80611C823161D52F28E78D4638B42CE1C6D9E2	0A28F6FC1B839BA24A241E908F05E622	good	-	-	1521886887.000000	1522488987.000000
1521912810.581028	FXLwe61ynXSvU7WYw3	sha1	105FA67A80089DB5279F35CE830B43889EA3C70D	0F80611C823161D52F28E78D4638B42CE1C6D9E2	0A28F6FC1B839BA24A241E908F05E622	good	-	-	1521886887.000000	1522488987.000000
1521912815.125881	FD25A93PO2iNMwUC72	sha1	CF26F518FAC97E8F8CB342E01C2F6A109E8E5F0A	5168FF90AF0207753CCCD9656462A212B859723B	0AAD00F9B5C37AF9BA636F3E3DC3EA76	good	-	-	1521800585.000000	1522402685.000000
1521912815.156947	FgfiNl4pK77DoXtKyc	sha1	33F5AAC61D66E7055D03173A4D1F3E187138850D	59A4660652A07B95923CA394072796745BF93DD0	01C9D470D1A87CA2FFA4B87F08C59EDA	good	-	-	1521632854.000000	1522234954.000000
1521912815.162103	FrHh4249BgSZWorr6e	sha1	9FB43374AFF11226B2A9A473EACB536C2B8D9F67	727236C6A7319E8789C7327DEC3AF5A2643F787A	60C9EB265E1DB115366B06BDF9CBDDA4	good	-	-	1521585104.000000	1522189904.000000
1521912815.208848	F2NN6t4Ehl7oNmM7F2	sha1	74241467069FF5E0983F5E3E1A6BA0652A541575	0159ABE7DD3A0B59A66463D6CF200757D591E76A	12E2A3C9CF6EEB4576EBB7A83E6D0848	good	-	-	1521894070.000000	1522498870.000000
1521912823.548754	FcCHRE4j9cQ8LATlWi	sha1	105FA67A80089DB5279F35CE830B43889EA3C70D	0F80611C823161D52F28E78D4638B42CE1C6D9E2	0441863B81E6C5BAB060B2031D1D111E	good	-	-	1521885471.000000	1522487571.000000
1521912823.554495	FYvgs7krW5d7WPDEd	sha1	DFAA12E328B1094193E29F4282CE4740429558A3	B13EC36903F8BF4701D498261A0802EF63642BC3	0C79A944B08C11952092615FE26B1D83	good	-	-	1521849600.000000	1522454400.000000
1521912823.562282	FliLjL2K2NFYzvrBQi	sha1	49F4BD8A18BF760698C5DE402D683B716AE4E686	3DD350A5D6A0ADEEF34A600A65D321D4F8F8D60F	09F9EE1FBF40F02D6F7E7891D1947968	good	-	-	1521897608.000000	1522499708.000000
1521912823.641182	FAJbLx37NFCtKGwNx8	sha1	105FA67A80089DB5279F35CE830B43889EA3C70D	0F80611C823161D52F28E78D4638B42CE1C6D9E2	0CA9C64361BFC92A79B1DD9CFB9E48EC	good	-	-	1521891067.000000	1522493167.000000
1521912823.658696	FXBMMW1RQm2zrowEVf	sha1	986A0BD8DED7E2CC3368C9BCD548F159992126D3	7B68CE29AAC017BE497AE1E53FD6A7F7458F3532	0511EAF8579E2662BE622DE5AE0CD408	good	-	-	1521900073.000000	1522502173.000000
1521912829.535211	FcYuft3qEar1AZKoX	sha1	F6EDB0636232819A35F68D75A09D024A11AA6CAD	77C2B8509A677676B12DC286D083A07EA67EBA4B	7AEE77D0AA874D3A	good	-	-	1521899624.000000	1522504424.000000
1521912833.530346	FtK18J3HmrDMwWD0oh	sha1	105FA67A80089DB5279F35CE830B43889EA3C70D	0F80611C823161D52F28E78D4638B42CE1C6D9E2	0CA9C64361BFC92A79B1DD9CFB9E48EC	good	-	-	1521891067.000000	1522493167.000000
1521912833.530744	FpWqOl1FTQoIFm8uUh	sha1	105FA67A80089DB5279F35CE830B43889EA3C70D	0F80611C823161D52F28E78D4638B42CE1C6D9E2	0CA9C64361BFC92A79B1DD9CFB9E48EC	good	-	-	1521891067.000000	1522493167.000000
1521912833.531594	FqqHkM4ee2A8fNMdj	sha1	105FA67A80089DB5279F35CE830B43889EA3C70D	0F80611C823161D52F28E78D4638B42CE1C6D9E2	0CA9C64361BFC92A79B1DD9CFB9E48EC	good	-	-	1521891067.000000	1522493167.000000
1521912833.531649	FWFMYWS20XONCcZKi	sha1	105FA67A80089DB5279F35CE830B43889EA3C70D	0F80611C823161D52F28E78D4638B42CE1C6D9E2	0CA9C64361BFC92A79B1DD9CFB9E48EC	good	-	-	1521891067.000000	1522493167.000000
1521912833.531998	F3DXsb6wBi4DgxgJa	sha1	105FA67A80089DB5279F35CE830B43889EA3C70D	0F80611C823161D52F28E78D4638B42CE1C6D9E2	0CA9C64361BFC92A79B1DD9CFB9E48EC	good	-	-	1521891067.000000	1522493167.000000
1521912833.535894	FfvCB535hrfUk6IdVj	sha1	105FA67A80089DB5279F35CE830B43889EA3C70D	0F80611C823161D52F28E78D4638B42CE1C6D9E2	0CA9C64361BFC92A79B1DD9CFB9E48EC	good	-	-	1521891067.000000	1522493167.000000
1521912838.275669	FFhGgM2CBvbCwxnhIk	sha1	33F5AAC61D66E7055D03173A4D1F3E187138850D	59A4660652A07B95923CA394072796745BF93DD0	093A6A96B45D5566A2F2DC2D274BC0AB	good	-	-	1521875858.000000	1522477958.000000
1521912838.927752	Fa5UJp2vSwW52YYm3d	sha1	105FA67A80089DB5279F35CE830B43889EA3C70D	0F80611C823161D52F28E78D4638B42CE1C6D9E2	07108B209ED3456CEE88949144C4560C	good	-	-	1521893354.000000	1522495454.000000
1521912839.772244	F16YYD4eMmpSsObXE8	sha1	F2E06AF9858A1D8D709B4919237AA9B51A287E64	4ADD06161BBCF668B576F581B6BB621ABA5A812F	2E1B63B3CEFCF100	good	-	-	1521897042.000000	1522501842.000000
1521912843.317341	F8kIVO3MUfY9RS9u97	sha1	49F4BD8A18BF760698C5DE402D683B716AE4E686	3DD350A5D6A0ADEEF34A600A65D321D4F8F8D60F	0AD9B00801718556792CD5C6FC12421D	good	-	-	1521887025.000000	1522489125.000000
1521912843.369921	FzaHKr3tFrX61XUP38	sha1	F6EDB0636232819A35F68D75A09D024A11AA6CAD	77C2B8509A677676B12DC286D083A07EA67EBA4B	124A19C482B062B6	good	-	-	1521898925.000000	1522503725.000000
1521912844.253227	FkVypD3NhtLmBDjv3j	sha1	CC6D221CF6B4552C2F87915F5AFEF0E1EECE83CC	82A27074DDBC533FCF7BD4F7CD7FA760C60A4CBF	CCE5BA96C4FB9FD90000000050DED3E2	good	-	-	1521898527.000000	1522503327.000000
1521912844.253524	F5U5eHGjL5ljv01bc	sha1	CC6D221CF6B4552C2F87915F5AFEF0E1EECE83CC	82A27074DDBC533FCF7BD4F7CD7FA760C60A4CBF	CCE5BA96C4FB9FD90000000050DED3E2	good	-	-	1521898527.000000	1522503327.000000
1521912844.272791	Fd4QEA3ZuPn1s9QY8g	sha1	49F4BD8A18BF760698C5DE402D683B716AE4E686	3DD350A5D6A0ADEEF34A600A65D321D4F8F8D60F	0AD9B00801718556792CD5C6FC12421D	good	-	-	1521887025.000000	1522489125.000000
1521912844.364801	F3FT6w4FDVhA6u5Ag	sha1	2C4AA669590B963B11D4F6901D6BEECB7FA576D0	6890E467A4A65380C78666A4F1F74B43FB84BD6D	51D34044	good	-	-	1521906332.000000	1522511132.000000
1521912844.397854	FWXgrP3Pp3ylvnDtJa	sha1	CB5CD0B30EF0611DE7168E0EF48898415B4227CB	6A72267AD01EEF7DE73B6951D46C8D9F901266AB	0EE94CC30000000051D37785	good	-	-	1521908041.000000	1522512841.000000
1521912844.612154	FRV8BB2gzljAdfVM0k	sha1	CC6D221CF6B4552C2F87915F5AFEF0E1EECE83CC	82A27074DDBC533FCF7BD4F7CD7FA760C60A4CBF	AA6FA4FF6288DD740000000050E0A750	good	-	-	1521819933.000000	1522424733.000000
1521912844.612600	FhCa3s4RAius8IP4ae	sha1	CC6D221CF6B4552C2F87915F5AFEF0E1EECE83CC	82A27074DDBC533FCF7BD4F7CD7FA760C60A4CBF	AA6FA4FF6288DD740000000050E0A750	good	-	-	1521819933.000000	1522424733.000000
1521912844.613617	FNdgOm4dDQlTroXifg	sha1	CC6D221CF6B4552C2F87915F5AFEF0E1EECE83CC	82A27074DDBC533FCF7BD4F7CD7FA760C60A4CBF	AA6FA4FF6288DD740000000050E0A750	good	-	-	1521819933.000000	1522424733.000000
1521912844.685253	FMcsWR1zOXZwYJ2UQe	sha1	CC6D221CF6B4552C2F87915F5AFEF0E1EECE83CC	82A27074DDBC533FCF7BD4F7CD7FA760C60A4CBF	AA6FA4FF6288DD740000000050E0A750	good	-	-	1521819933.000000	1522424733.000000
1521912844.685508	FMSli72G2EwVkE3zw5	sha1	CC6D221CF6B4552C2F87915F5AFEF0E1EECE83CC	82A27074DDBC533FCF7BD4F7CD7FA760C60A4CBF	AA6FA4FF6288DD740000000050E0A750	good	-	-	1521819933.000000	1522424733.000000
1521912844.685964	FwilbyXIJBKO2SeAl	sha1	CC6D221CF6B4552C2F87915F5AFEF0E1EECE83CC	82A27074DDBC533FCF7BD4F7CD7FA760C60A4CBF	AA6FA4FF6288DD740000000050E0A750	good	-	-	1521819933.000000	1522424733.000000
1521912844.686407	FDPiyS1BQdCEeg4Cgb	sha1	CC6D221CF6B4552C2F87915F5AFEF0E1EECE83CC	82A27074DDBC533FCF7BD4F7CD7FA760C60A4CBF	AA6FA4FF6288DD740000000050E0A750	good	-	-	1521819933.000000	1522424733.000000
1521912844.687839	FOiVLZ1uzKQ5M23tVi	sha1	CC6D221CF6B4552C2F87915F5AFEF0E1EECE83CC	82A27074DDBC533FCF7BD4F7CD7FA760C60A4CBF	AA6FA4FF6288DD740000000050E0A750	good	-	-	1521819933.000000	1522424733.000000
1521912844.688308	FmUw9I2gm4q88e2Cgi	sha1	CC6D221CF6B4552C2F87915F5AFEF0E1EECE83CC	82A27074DDBC533FCF7BD4F7CD7FA760C60A4CBF	AA6FA4FF6288DD740000000050E0A750	good	-	-	1521819933.000000	1522424733.000000
1521912844.730524	Fu0PWd4K9rXsXTLS7g	sha1	7EE66AE7729AB3FCF8A220646C16A12D6071085D	A84A6A63047DDDBAE6D139B7A64565EFF3A8ECA1	03C77B09056552E03704CD04BE170EF6CC75	good	-	-	1521828000.000000	1522432800.000000
1521912844.732275	FkZyPz4a23VnptaNHi	sha1	7EE66AE7729AB3FCF8A220646C16A12D6071085D	A84A6A63047DDDBAE6D139B7A64565EFF3A8ECA1	03C77B09056552E03704CD04BE170EF6CC75	good	-	-	1521828000.000000	1522432800.000000
1521912844.902239	FWMwk24vyE5PsEaWKe	sha1	6FF4684D4312D24862819CC02B3D472C1D8A2FA6	C4A7B1A47B2C71FADBE14B9075FFC41560858910	0A0141420000015385736A0B85ECA708	good	-	-	1521673650.000000	1522278450.000000
1521912845.144187	FYKcDroyIn1qJnXEi	sha1	CC6D221CF6B4552C2F87915F5AFEF0E1EECE83CC	82A27074DDBC533FCF7BD4F7CD7FA760C60A4CBF	E3232EA84B8FC9CC0000000050DB74BA	good	-	-	1521906928.000000	1522511728.000000
1521912845.166361	FSY9Ta3YoVo0cqWKO4	sha1	49F4BD8A18BF760698C5DE402D683B716AE4E686	3DD350A5D6A0ADEEF34A600A65D321D4F8F8D60F	0AD9B00801718556792CD5C6FC12421D	good	-	-	1521887025.000000	1522489125.000000
1521912845.168780	F8DZK21iCpvHoN5W46	sha1	49F4BD8A18BF760698C5DE402D683B716AE4E686	3DD350A5D6A0ADEEF34A600A65D321D4F8F8D60F	0AD9B00801718556792CD5C6FC12421D	good	-	-	1521887025.000000	1522489125.000000
1521912845.175217	FH6rjz48S10oHA1rY4	sha1	105FA67A80089DB5279F35CE830B43889EA3C70D	0F80611C823161D52F28E78D4638B42CE1C6D9E2	086C3B43E317C35EB708F31387F38A6B	good	-	-	1521882857.000000	1522484957.000000
1521912845.239886	FjQVRE1MRwhx2OxUH7	sha1	49F4BD8A18BF760698C5DE402D683B716AE4E686	3DD350A5D6A0ADEEF34A600A65D321D4F8F8D60F	0AD9B00801718556792CD5C6FC12421D	good	-	-	1521887025.000000	1522489125.000000
1521912845.327955	FB0cl22y8ARNCBen7k	sha1	E05C8B316EFAF694190FA6820455113A8079429C	9BE20757671C1EC06A06DE59B49A2DDFDC19862E	01E3A9301CFC7206383F9A531D	good	-	-	1497484800.000000	1529020800.000000
1521912845.331300	Fu5ODi2lssw51IuiSk	sha1	CB5CD0B30EF0611DE7168E0EF48898415B4227CB	6A72267AD01EEF7DE73B6951D46C8D9F901266AB	51D360EE	good	-	-	1521908041.000000	1522512841.000000
1521912845.365525	FOBGUB4c0m1yInlz11	sha1	F6EDB0636232819A35F68D75A09D024A11AA6CAD	77C2B8509A677676B12DC286D083A07EA67EBA4B	08434F2704007BF2	good	-	-	1521834232.000000	1522439032.000000
1521912845.365278	FivS5D4lC5psGi159j	sha1	CC6D221CF6B4552C2F87915F5AFEF0E1EECE83CC	82A27074DDBC533FCF7BD4F7CD7FA760C60A4CBF	DC322FE73FD4DE460000000050D9EEA9	good	-	-	1521898826.000000	1522503626.000000
1521912848.412799	FmX1tfNkXxhdlOJh9	sha1	CEA633847FA2C6D73E768EA031C03953C6868E0A	40096167F0BC83714FDE12082C6FD4D42B763D96	3142BD50247DC27AE240ECE54A098008	good	-	-	1521647581.000000	1522252381.000000
1521912852.642142	F0NwO7QM6RAOjeyM	sha1	CF26F518FAC97E8F8CB342E01C2F6A109E8E5F0A	5168FF90AF0207753CCCD9656462A212B859723B	0AAD00F9B5C37AF9BA636F3E3DC3EA76	good	-	-	1521800585.000000	1522402685.000000
1521912852.642238	Fa73ZbVgWVfLJlrR4	sha1	CF26F518FAC97E8F8CB342E01C2F6A109E8E5F0A	5168FF90AF0207753CCCD9656462A212B859723B	0AAD00F9B5C37AF9BA636F3E3DC3EA76	good	-	-	1521822186.000000	1522424286.000000
1521912853.687516	FOoAtmdRTBvloDJm9	sha1	CF26F518FAC97E8F8CB342E01C2F6A109E8E5F0A	5168FF90AF0207753CCCD9656462A212B859723B	0B59DE6B3BE5DE37F7864497B03DFED8	good	-	-	1521879967.000000	1522482067.000000
1521912854.214779	F3Usyp3GlcqlWxB7Oh	sha1	CEA633847FA2C6D73E768EA031C03953C6868E0A	40096167F0BC83714FDE12082C6FD4D42B763D96	549BBCE65663F4CFBE003E9DA7957F57	good	-	-	1521658815.000000	1522263615.000000
1521912865.958904	F6yCYA10oacVgw8FDf	sha1	105FA67A80089DB5279F35CE830B43889EA3C70D	0F80611C823161D52F28E78D4638B42CE1C6D9E2	017E45A31AA50BC35053BC50F9B69BAD	good	-	-	1521891993.000000	1522494093.000000
1521912870.581872	FR075K3ypgeJhff8mi	sha1	CF26F518FAC97E8F8CB342E01C2F6A109E8E5F0A	5168FF90AF0207753CCCD9656462A212B859723B	0E11BBD70D54B710D0C6F540B6B52CA4	good	-	-	1521560232.000000	1522162332.000000
1521912870.733640	F8SLnQ2mUpd5m0JcSk	sha1	B6080D5F6C6B76EB13E438A5F8660BA85233344E	40C2BD278ECC348330A233D7FB6CB3F0B42C80CE	A80B9B37F7C73200	good	-	-	1521911060.000000	1522040660.000000
1521912870.780124	FqG6Jh2O9k8FCNDct7	sha1	105FA67A80089DB5279F35CE830B43889EA3C70D	0F80611C823161D52F28E78D4638B42CE1C6D9E2	070526ADF979600175E3DB16E28C20FB	good	-	-	1521655740.000000	1522257840.000000
1521912871.679318	F9ptkTeNcuEGtKOp7	sha1	CF26F518FAC97E8F8CB342E01C2F6A109E8E5F0A	5168FF90AF0207753CCCD9656462A212B859723B	0E11BBD70D54B710D0C6F540B6B52CA4	good	-	-	1521560232.000000	1522162332.000000
1521912871.684982	FmgPaPEcP0EF2j4ki	sha1	105FA67A80089DB5279F35CE830B43889EA3C70D	0F80611C823161D52F28E78D4638B42CE1C6D9E2	070526ADF979600175E3DB16E28C20FB	good	-	-	1521655740.000000	1522257840.000000
1521912871.796932	FOUjXC30voWEbhwu05	sha1	B6080D5F6C6B76EB13E438A5F8660BA85233344E	40C2BD278ECC348330A233D7FB6CB3F0B42C80CE	A80B9B37F7C73200	good	-	-	1521911060.000000	1522040660.000000
1521912871.896407	F9u6hdFptcTypM3xg	sha1	CF26F518FAC97E8F8CB342E01C2F6A109E8E5F0A	5168FF90AF0207753CCCD9656462A212B859723B	0E11BBD70D54B710D0C6F540B6B52CA4	good	-	-	1521560232.000000	1522162332.000000
1521912872.997440	FWCa6pOr7NPjHLhHb	sha1	49F4BD8A18BF760698C5DE402D683B716AE4E686	3DD350A5D6A0ADEEF34A600A65D321D4F8F8D60F	0AD9B00801718556792CD5C6FC12421D	good	-	-	1521887025.000000	1522489125.000000
1521912873.003999	FiEWIs3BY3RdCeExs6	sha1	CF26F518FAC97E8F8CB342E01C2F6A109E8E5F0A	5168FF90AF0207753CCCD9656462A212B859723B	0E11BBD70D54B710D0C6F540B6B52CA4	good	-	-	1521560232.000000	1522162332.000000
1521912873.978164	FuYxDg3h5C4mcb6Dyi	sha1	B6080D5F6C6B76EB13E438A5F8660BA85233344E	40C2BD278ECC348330A233D7FB6CB3F0B42C80CE	14C2D7E4D581094C	good	-	-	1521911245.000000	1522040845.000000
1521912874.132229	FXb4oF4jiXaxETEvSl	sha1	CF26F518FAC97E8F8CB342E01C2F6A109E8E5F0A	5168FF90AF0207753CCCD9656462A212B859723B	0AAD00F9B5C37AF9BA636F3E3DC3EA76	good	-	-	1521822186.000000	1522424286.000000
1521912874.528532	FUCDpl2hPp3WcTiNK3	sha1	CF26F518FAC97E8F8CB342E01C2F6A109E8E5F0A	5168FF90AF0207753CCCD9656462A212B859723B	0B59DE6B3BE5DE37F7864497B03DFED8	good	-	-	1521879967.000000	1522482067.000000
1521912874.550951	FbUyu31JqdvUc8l6k8	sha1	F6EDB0636232819A35F68D75A09D024A11AA6CAD	77C2B8509A677676B12DC286D083A07EA67EBA4B	1DDEE8C5D3AEF314	good	-	-	1521899752.000000	1522504552.000000
1521912874.643961	FMm0Qh27rhXA7dunkd	sha1	CF26F518FAC97E8F8CB342E01C2F6A109E8E5F0A	5168FF90AF0207753CCCD9656462A212B859723B	0B59DE6B3BE5DE37F7864497B03DFED8	good	-	-	1521879967.000000	1522482067.000000
1521912877.808085	F5yA542Ajt9OOdSiw2	sha1	A87E303106E4E88565CFE952598FA6DA7C00532F	246E2B2DD06A925151256901AA9A47A689E74020	0295297988AA3A16DAF8B00CA8225CE8	good	-	-	1521881460.000000	1522483560.000000
1521912877.809187	FrNWvF2dgDZB745EJ9	sha1	A87E303106E4E88565CFE952598FA6DA7C00532F	246E2B2DD06A925151256901AA9A47A689E74020	0295297988AA3A16DAF8B00CA8225CE8	good	-	-	1521881460.000000	1522483560.000000
1521912878.284566	FMRwNm1uI7BznYIogd	sha1	CEA633847FA2C6D73E768EA031C03953C6868E0A	40096167F0BC83714FDE12082C6FD4D42B763D96	67F3B3055A9852ED4AA48CAD7266B2F5	good	-	-	1521595969.000000	1522200769.000000
1521912880.345558	F8fJZb1idIB2FxzKui	sha1	B6080D5F6C6B76EB13E438A5F8660BA85233344E	40C2BD278ECC348330A233D7FB6CB3F0B42C80CE	28077A849AF986	good	-	-	1521912199.000000	1522041799.000000
1521912880.345569	FGWuXz2F6oAykxtQp8	sha1	B6080D5F6C6B76EB13E438A5F8660BA85233344E	40C2BD278ECC348330A233D7FB6CB3F0B42C80CE	28077A849AF986	good	-	-	1521912199.000000	1522041799.000000
1521912880.358373	FxV6JG3swYLpNJOvCh	sha1	B6080D5F6C6B76EB13E438A5F8660BA85233344E	40C2BD278ECC348330A233D7FB6CB3F0B42C80CE	28077A849AF986	good	-	-	1521912199.000000	1522041799.000000
1521912880.388684	F5KhZ5fcj8whItVv4	sha1	B6080D5F6C6B76EB13E438A5F8660BA85233344E	40C2BD278ECC348330A233D7FB6CB3F0B42C80CE	28077A849AF986	good	-	-	1521912199.000000	1522041799.000000
1521912880.388728	F18zAq20fa6A38rwEb	sha1	B6080D5F6C6B76EB13E438A5F8660BA85233344E	40C2BD278ECC348330A233D7FB6CB3F0B42C80CE	28077A849AF986	good	-	-	1521912199.000000	1522041799.000000
1521912881.179466	FTV30OGguIZjthskj	sha1	B6080D5F6C6B76EB13E438A5F8660BA85233344E	40C2BD278ECC348330A233D7FB6CB3F0B42C80CE	A89CC46E9A9775AC	good	-	-	1521912366.000000	1522041966.000000
1521912881.194316	F2kb3s2OHXu4NWpl82	sha1	B6080D5F6C6B76EB13E438A5F8660BA85233344E	40C2BD278ECC348330A233D7FB6CB3F0B42C80CE	A89CC46E9A9775AC	good	-	-	1521912366.000000	1522041966.000000
1521912882.684752	FnE8B13ApRO918wA1f	sha1	7AE13EE8A0C42A2CB428CBE7A605461940E2A1E9	90AF6A3A945A0BD890EA125673DF43B43A28DAE7	01443027ADB0544CF07EAB358331E22E	good	-	-	1521615787.000000	1522220587.000000
1521912888.587932	FiX9Cd3qRkqsKyXAX9	sha1	105FA67A80089DB5279F35CE830B43889EA3C70D	0F80611C823161D52F28E78D4638B42CE1C6D9E2	0BF66097EF3344B6FB6C359C413F006E	good	-	-	1521901688.000000	1522503788.000000
1521912888.886621	F202pn144P5Cfv0h07	sha1	105FA67A80089DB5279F35CE830B43889EA3C70D	0F80611C823161D52F28E78D4638B42CE1C6D9E2	08618E255082762B850ED2B5C8D2AE3F	good	-	-	1521882857.000000	1522484957.000000
1521912889.022044	FAhD993aSWziyzwo92	sha1	D1B1648B8C9F0DD16BA38ACD2B5017D5F9CFC064	5F60CF619055DF8443148A602AB2F57AF44318EF	04633CA9FF31BDFA5029BFDF0EA177E7	good	-	-	1521866755.000000	1522471555.000000
1521912890.863815	FUB8no4V0hPElwNNMk	sha1	105FA67A80089DB5279F35CE830B43889EA3C70D	0F80611C823161D52F28E78D4638B42CE1C6D9E2	097F6673416EF8596053FE6AD9C1EEC7	good	-	-	1521875909.000000	1522478009.000000
1521912891.465976	FgOndyQR4q9sygmxj	sha1	881A4A74FEFF4652F354BB510FD3A4EEEFE0A1C8	919E3B446C3D579C42772A34D74FD1CC4A972CDA	20000126EBC93B2DAB7091B24F0000000126EB	good	-	-	1521698116.000000	1522043716.000000
1521912901.914789	FH0mNf2G8hUHMz43uj	sha1	2985FC613DBE2FB0120F5E420E4C9EC3D59EFD7C	08FE259F74EA8704C2BCBB8EA8385F33C6D16C65	2D0001E8A309C019A913DB800C00000001E8A3	good	-	-	1521881229.000000	1522226829.000000
1521912901.924995	FqYSch3KhuGczLZ47e	sha1	2985FC613DBE2FB0120F5E420E4C9EC3D59EFD7C	08FE259F74EA8704C2BCBB8EA8385F33C6D16C65	2D0001E8A309C019A913DB800C00000001E8A3	good	-	-	1521894043.000000	1522239643.000000
1521912901.965333	FrKsMd3GcaUk3Dswrk	sha1	C12F4576ED1559ECB05DBA89BF9D8078E523D413	E59D5930824758CCACFA085436867B3AB5044DF0	0888CD525F1924444D14A58291DEB952	good	-	-	1515610925.000000	1531162925.000000
1521912902.869326	Fjo7zK2tiqQqyoDarl	sha1	49F4BD8A18BF760698C5DE402D683B716AE4E686	3DD350A5D6A0ADEEF34A600A65D321D4F8F8D60F	0AD9B00801718556792CD5C6FC12421D	good	-	-	1521887025.000000	1522489125.000000
1521912902.869421	FkqIg5BHLIXpd4kG4	sha1	49F4BD8A18BF760698C5DE402D683B716AE4E686	3DD350A5D6A0ADEEF34A600A65D321D4F8F8D60F	0AD9B00801718556792CD5C6FC12421D	good	-	-	1521887025.000000	1522489125.000000
1521912903.410706	FBcAey2m3Sg8JbkIy7	sha1	49F4BD8A18BF760698C5DE402D683B716AE4E686	3DD350A5D6A0ADEEF34A600A65D321D4F8F8D60F	0AD9B00801718556792CD5C6FC12421D	good	-	-	1521887025.000000	1522489125.000000
1521912904.364252	FErou84hnRNY9Mcivh	sha1	49F4BD8A18BF760698C5DE402D683B716AE4E686	3DD350A5D6A0ADEEF34A600A65D321D4F8F8D60F	0AD9B00801718556792CD5C6FC12421D	good	-	-	1521887025.000000	1522489125.000000
1521912906.999179	FoPZPs2yxqSQjkVXI7	sha1	2985FC613DBE2FB0120F5E420E4C9EC3D59EFD7C	08FE259F74EA8704C2BCBB8EA8385F33C6D16C65	2D00003299D7071DB7D1708A42000000003299	good	-	-	1521851128.000000	1522196728.000000
1521912907.000605	F68vCp1CPk0L8zjCpj	sha1	2985FC613DBE2FB0120F5E420E4C9EC3D59EFD7C	08FE259F74EA8704C2BCBB8EA8385F33C6D16C65	2D00003299D7071DB7D1708A42000000003299	good	-	-	1521785418.000000	1522131018.000000
1521912909.356841	FlvswD2VdsSAMj0vX5	sha1	7AE13EE8A0C42A2CB428CBE7A605461940E2A1E9	90AF6A3A945A0BD890EA125673DF43B43A28DAE7	FB60712E6AAA44FF60BF117A3842D276	good	-	-	1521829708.000000	1522434508.000000
1521912929.771226	FiKhHg1xC65bzWT7P4	sha1	105FA67A80089DB5279F35CE830B43889EA3C70D	0F80611C823161D52F28E78D4638B42CE1C6D9E2	0FA0EF30C9A5156423CFEB8BFE19592C	good	-	-	1521898994.000000	1522501094.000000
1521912929.823563	F0b8MR12DzVZzHl5ll	sha1	105FA67A80089DB5279F35CE830B43889EA3C70D	0F80611C823161D52F28E78D4638B42CE1C6D9E2	0441863B81E6C5BAB060B2031D1D111E	good	-	-	1521885471.000000	1522487571.000000
1521912929.987499	FcxTF63VapXSriGpk6	sha1	105FA67A80089DB5279F35CE830B43889EA3C70D	0F80611C823161D52F28E78D4638B42CE1C6D9E2	0E87C3CD55D57AE973D2952C199DD8BF	good	-	-	1521884322.000000	1522486422.000000
1521912929.993462	Fe6PTq7uaj796a2t3	sha1	105FA67A80089DB5279F35CE830B43889EA3C70D	0F80611C823161D52F28E78D4638B42CE1C6D9E2	0E87C3CD55D57AE973D2952C199DD8BF	good	-	-	1521884322.000000	1522486422.000000
1521912932.807585	FX7NRe2HDpxjiDiYDc	sha1	105FA67A80089DB5279F35CE830B43889EA3C70D	0F80611C823161D52F28E78D4638B42CE1C6D9E2	0CA9C64361BFC92A79B1DD9CFB9E48EC	good	-	-	1521891067.000000	1522493167.000000
1521912935.185213	FLdKab1FSaRjlooc7g	sha1	49F4BD8A18BF760698C5DE402D683B716AE4E686	3DD350A5D6A0ADEEF34A600A65D321D4F8F8D60F	0AD9B00801718556792CD5C6FC12421D	good	-	-	1521887025.000000	1522489125.000000
1521912935.427748	F0R5Yb3KzGDyBvWax8	sha1	49F4BD8A18BF760698C5DE402D683B716AE4E686	3DD350A5D6A0ADEEF34A600A65D321D4F8F8D60F	0AD9B00801718556792CD5C6FC12421D	good	-	-	1521887025.000000	1522489125.000000
1521912939.716477	FM7jtz1LNRyHnziAQk	sha1	CEA633847FA2C6D73E768EA031C03953C6868E0A	40096167F0BC83714FDE12082C6FD4D42B763D96	23505CB17F5550D5ACB372F8948F72B9	good	-	-	1521636318.000000	1522241118.000000
1521912940.419337	F2AR7C4bHO60XFLUK2	sha1	881A4A74FEFF4652F354BB510FD3A4EEEFE0A1C8	919E3B446C3D579C42772A34D74FD1CC4A972CDA	2000020D99F99D6C5481F164BF000000020D99	good	-	-	1521897957.000000	1522243557.000000
1521912940.657347	FfGA01nvH9h3Nj6N2	sha1	12EADF46CC0880387360B65A691601CC0CB5E9E2	A92B87E1CE24473B1BBFCF853702559D0D9458E6	210879A6D38EDF7AA38F47F7	good	-	-	1521906475.000000	1522252075.000000
1521912940.659505	Fpfsf61lfdOx4JgGha	sha1	2985FC613DBE2FB0120F5E420E4C9EC3D59EFD7C	08FE259F74EA8704C2BCBB8EA8385F33C6D16C65	2D0001E8A309C019A913DB800C00000001E8A3	good	-	-	1521881229.000000	1522226829.000000
1521912940.770510	F6gcjB1Kdh47drtk9b	sha1	881A4A74FEFF4652F354BB510FD3A4EEEFE0A1C8	919E3B446C3D579C42772A34D74FD1CC4A972CDA	2000020D99F99D6C5481F164BF000000020D99	good	-	-	1521897957.000000	1522243557.000000
1521912940.840890	FM7z7F2HqBv60Pfpq	sha1	22AF001C8075620726E0C8931AECA7421C32123A	7A7B8CC1CFE7A0CA1CD46BFAFBE133C30F1AA29D	160000A226527171F754ACC41600000000A226	good	-	-	1521859932.000000	1522205532.000000
1521912940.849967	FcHt9t2abzGLfzTuV5	sha1	22AF001C8075620726E0C8931AECA7421C32123A	7A7B8CC1CFE7A0CA1CD46BFAFBE133C30F1AA29D	160000A226527171F754ACC41600000000A226	good	-	-	1521859932.000000	1522205532.000000
1521912940.869633	FZ5EQr4MkH3ooRtjMj	sha1	22AF001C8075620726E0C8931AECA7421C32123A	7A7B8CC1CFE7A0CA1CD46BFAFBE133C30F1AA29D	160000A226527171F754ACC41600000000A226	good	-	-	1521859932.000000	1522205532.000000
1521912940.956273	FlKpIAjo66qzUYtDi	sha1	7D14CA1E3E08269E1A333D0E0E6FF31361215EEA	25F08AE14B7AD901950AEDC653F18C781FD9F3F8	0F683F2DFAC9EDF014148CA649DB4BAD	good	-	-	1521346550.000000	1521951350.000000
1521912940.956350	F62pe34fpvLT4mQbP6	sha1	7D14CA1E3E08269E1A333D0E0E6FF31361215EEA	25F08AE14B7AD901950AEDC653F18C781FD9F3F8	0F683F2DFAC9EDF014148CA649DB4BAD	good	-	-	1521346550.000000	1521951350.000000
1521912941.179905	FrkyUDDqRpaBrDCzk	sha1	2985FC613DBE2FB0120F5E420E4C9EC3D59EFD7C	08FE259F74EA8704C2BCBB8EA8385F33C6D16C65	2D0001E9A27AC87C2EC2109EF400000001E9A2	good	-	-	1521820609.000000	1522166209.000000
1521912941.236440	FK84b94eznyyIb8rOe	sha1	7D14CA1E3E08269E1A333D0E0E6FF31361215EEA	25F08AE14B7AD901950AEDC653F18C781FD9F3F8	0F683F2DFAC9EDF014148CA649DB4BAD	good	-	-	1521346550.000000	1521951350.000000
1521912941.250797	F8koWD1wmEIRc68yo5	sha1	2985FC613DBE2FB0120F5E420E4C9EC3D59EFD7C	08FE259F74EA8704C2BCBB8EA8385F33C6D16C65	2D0001F35422B3307EEC9502B500000001F354	good	-	-	1521784816.000000	1522130416.000000
1521912941.407757	FwiFu5C1LArUcxKba	sha1	22AF001C8075620726E0C8931AECA7421C32123A	7A7B8CC1CFE7A0CA1CD46BFAFBE133C30F1AA29D	160000708D70A2A4CB63ABA1C700000000708D	good	-	-	1521634230.000000	1521979830.000000
1521912941.441184	FQNEyV3WoCxY57c2Wf	sha1	CF26F518FAC97E8F8CB342E01C2F6A109E8E5F0A	5168FF90AF0207753CCCD9656462A212B859723B	083A84592F77F2E7951BF887CEDEC966	good	-	-	1521450818.000000	1522052918.000000
1521912941.441657	FgSFcP8UIM3HnkFke	sha1	CF26F518FAC97E8F8CB342E01C2F6A109E8E5F0A	5168FF90AF0207753CCCD9656462A212B859723B	083A84592F77F2E7951BF887CEDEC966	good	-	-	1521450818.000000	1522052918.000000
1521912941.601071	FYWXrG1U47iTwj1rmh	sha1	2985FC613DBE2FB0120F5E420E4C9EC3D59EFD7C	08FE259F74EA8704C2BCBB8EA8385F33C6D16C65	2D0001ECAF9E372BB79299004F00000001ECAF	good	-	-	1521724681.000000	1522070281.000000
1521912943.351773	F5ehBl1w4ybITDjd12	sha1	12EADF46CC0880387360B65A691601CC0CB5E9E2	A92B87E1CE24473B1BBFCF853702559D0D9458E6	30C6AAAF40F2D8BA55153F88	good	-	-	1521903536.000000	1522249136.000000
1521912943.354736	FeJ1p8EmKJM0AmNF8	sha1	12EADF46CC0880387360B65A691601CC0CB5E9E2	A92B87E1CE24473B1BBFCF853702559D0D9458E6	210879A6D38EDF7AA38F47F7	good	-	-	1521906475.000000	1522252075.000000
1521912943.544389	FzfXGw1npbjzU3qSnc	sha1	12EADF46CC0880387360B65A691601CC0CB5E9E2	A92B87E1CE24473B1BBFCF853702559D0D9458E6	210879A6D38EDF7AA38F47F7	good	-	-	1521906475.000000	1522252075.000000
1521912943.585920	F1jrX42HbrPPfEeWOj	sha1	12EADF46CC0880387360B65A691601CC0CB5E9E2	A92B87E1CE24473B1BBFCF853702559D0D9458E6	762CA49C0F2708C53B105B94	good	-	-	1521898676.000000	1522244276.000000
1521912943.887287	FKzXAKFr7HdIa5zN1	sha1	105FA67A80089DB5279F35CE830B43889EA3C70D	0F80611C823161D52F28E78D4638B42CE1C6D9E2	0E87C3CD55D57AE973D2952C199DD8BF	good	-	-	1521884322.000000	1522486422.000000
1521912944.135268	FHdARr2hKvHENw3JG2	sha1	12EADF46CC0880387360B65A691601CC0CB5E9E2	A92B87E1CE24473B1BBFCF853702559D0D9458E6	210879A6D38EDF7AA38F47F7	good	-	-	1521906475.000000	1522252075.000000
1521912944.972526	FX4wS1IT0bmStq7x9	sha1	12EADF46CC0880387360B65A691601CC0CB5E9E2	A92B87E1CE24473B1BBFCF853702559D0D9458E6	210879A6D38EDF7AA38F47F7	good	-	-	1521906475.000000	1522252075.000000
1521912945.274863	FZIiLO3j3cEU8DsCS9	sha1	12EADF46CC0880387360B65A691601CC0CB5E9E2	A92B87E1CE24473B1BBFCF853702559D0D9458E6	6D2776F639A7B4A96EE091B2	good	-	-	1521893213.000000	1522238813.000000
1521912945.284869	FGJhUQ1SsXXuUIR8Yh	sha1	12EADF46CC0880387360B65A691601CC0CB5E9E2	A92B87E1CE24473B1BBFCF853702559D0D9458E6	6D2776F639A7B4A96EE091B2	good	-	-	1521893213.000000	1522238813.000000
1521912945.459289	FvAnlK1Rqs6uGvmGPl	sha1	33F5AAC61D66E7055D03173A4D1F3E187138850D	59A4660652A07B95923CA394072796745BF93DD0	0AFC95C404F88BC201823FB2CB6558BF	good	-	-	1521887051.000000	1522489151.000000
1521912945.459804	FcLlZE42XLtYnuIQof	sha1	33F5AAC61D66E7055D03173A4D1F3E187138850D	59A4660652A07B95923CA394072796745BF93DD0	0AFC95C404F88BC201823FB2CB6558BF	good	-	-	1521887051.000000	1522489151.000000
1521912945.567791	FU67Y4Ke2ehT05C6j	sha1	12EADF46CC0880387360B65A691601CC0CB5E9E2	A92B87E1CE24473B1BBFCF853702559D0D9458E6	210879A6D38EDF7AA38F47F7	good	-	-	1521906475.000000	1522252075.000000
1521912945.666359	FFonW13RbXNmS4OwJ5	sha1	12EADF46CC0880387360B65A691601CC0CB5E9E2	A92B87E1CE24473B1BBFCF853702559D0D9458E6	210879A6D38EDF7AA38F47F7	good	-	-	1521906475.000000	1522252075.000000
1521912945.708540	F7hk2qIAcQOAbnmii	sha1	12EADF46CC0880387360B65A691601CC0CB5E9E2	A92B87E1CE24473B1BBFCF853702559D0D9458E6	76DA5993992DCAD802775EE5	good	-	-	1521895249.000000	1522240849.000000
1521912945.708999	FSd4x8SejoNqF0jz9	sha1	12EADF46CC0880387360B65A691601CC0CB5E9E2	A92B87E1CE24473B1BBFCF853702559D0D9458E6	76DA5993992DCAD802775EE5	good	-	-	1521895249.000000	1522240849.000000
1521912945.709009	F4TBJR2mbeCr6mhy1b	sha1	12EADF46CC0880387360B65A691601CC0CB5E9E2	A92B87E1CE24473B1BBFCF853702559D0D9458E6	76DA5993992DCAD802775EE5	good	-	-	1521895249.000000	1522240849.000000
1521912945.716759	F38YUX5dacacJtCLf	sha1	12EADF46CC0880387360B65A691601CC0CB5E9E2	A92B87E1CE24473B1BBFCF853702559D0D9458E6	76DA5993992DCAD802775EE5	good	-	-	1521895249.000000	1522240849.000000
1521912946.474498	FBXtGB2929ZNP0WCk	sha1	2985FC613DBE2FB0120F5E420E4C9EC3D59EFD7C	08FE259F74EA8704C2BCBB8EA8385F33C6D16C65	2D0001F35422B3307EEC9502B500000001F354	good	-	-	1521784816.000000	1522130416.000000
1521912946.481218	FCwULB2bF7jr0dcVo2	sha1	2985FC613DBE2FB0120F5E420E4C9EC3D59EFD7C	08FE259F74EA8704C2BCBB8EA8385F33C6D16C65	2D0001F35422B3307EEC9502B500000001F354	good	-	-	1521807070.000000	1522152670.000000
1521912946.530673	FWqYqT3E9UhQlEdGkd	sha1	2985FC613DBE2FB0120F5E420E4C9EC3D59EFD7C	08FE259F74EA8704C2BCBB8EA8385F33C6D16C65	2D0001F35422B3307EEC9502B500000001F354	good	-	-	1521740305.000000	1522085905.000000
1521912960.053670	FzPH8E4uLT3XYZpI1g	sha1	D1B1648B8C9F0DD16BA38ACD2B5017D5F9CFC064	5F60CF619055DF8443148A602AB2F57AF44318EF	4ED0A614595B4B3CA11DCB4EF5770481	good	-	-	1521794856.000000	1522399656.000000
1521912963.943865	FUXuT2q6NW2EmfQzl	sha1	33F5AAC61D66E7055D03173A4D1F3E187138850D	59A4660652A07B95923CA394072796745BF93DD0	0528E3FA1CFDD273EC82700FA25919C2	good	-	-	1521900086.000000	1522502186.000000
1521912964.325551	FHkOsJ1u9vRr5Dgu4d	sha1	F6EDB0636232819A35F68D75A09D024A11AA6CAD	77C2B8509A677676B12DC286D083A07EA67EBA4B	0F663A6A364C36BD	good	-	-	1521899244.000000	1522504044.000000
1521912964.347994	FUI80w1MEhunKE6OC5	sha1	7AE13EE8A0C42A2CB428CBE7A605461940E2A1E9	90AF6A3A945A0BD890EA125673DF43B43A28DAE7	CFEE89369EA1DD5E86826BF6501CCDBB	good	-	-	1521857896.000000	1522462696.000000
1521912964.470970	FHUPIv2fO1noKmLsdj	sha1	CF26F518FAC97E8F8CB342E01C2F6A109E8E5F0A	5168FF90AF0207753CCCD9656462A212B859723B	0B3C3B601A18F59EE2B6BB05605EF2C0	good	-	-	1521879940.000000	1522482040.000000
1521912964.518635	FQY70k17rIQWdIuKkc	sha1	105FA67A80089DB5279F35CE830B43889EA3C70D	0F80611C823161D52F28E78D4638B42CE1C6D9E2	0DAC496989D6AE912D24A604A6962E6D	good	-	-	1521894908.000000	1522497008.000000
1521912966.155903	FOIBtp1MEUO8PtAquh	sha1	105FA67A80089DB5279F35CE830B43889EA3C70D	0F80611C823161D52F28E78D4638B42CE1C6D9E2	08F3943D255EC39AB715A312A3386D52	good	-	-	1521882972.000000	1522485072.000000
1521912966.299434	FzVPS6v2FoTinzVO3	sha1	105FA67A80089DB5279F35CE830B43889EA3C70D	0F80611C823161D52F28E78D4638B42CE1C6D9E2	0AD29BD9762566A7C81C21FBC76A30BF	good	-	-	1521887025.000000	1522489125.000000
1521912966.360614	FJ52l22hpNuJVnLXg	sha1	105FA67A80089DB5279F35CE830B43889EA3C70D	0F80611C823161D52F28E78D4638B42CE1C6D9E2	0861C0B409128EB6DB52F73B182924CB	good	-	-	1521882857.000000	1522484957.000000
1521912968.369468	FjbA9VbfwFWVij3Ae	sha1	2985FC613DBE2FB0120F5E420E4C9EC3D59EFD7C	08FE259F74EA8704C2BCBB8EA8385F33C6D16C65	2D0001E8A309C019A913DB800C00000001E8A3	good	-	-	1521894043.000000	1522239643.000000
1521912968.402417	Fk82QN37jLKqI85G3a	sha1	4F0B5BD9B7DAAF9FB6F363722276D6E195AE2629	58889FD6DC9C4822B7143EFF8488E8E685FFFA7D	7B0000E1966872776ADA4284FB00000000E196	good	-	-	1521837882.000000	1522183482.000000
1521912968.408719	FwhTfWnKt3buFffEa	sha1	22AF001C8075620726E0C8931AECA7421C32123A	7A7B8CC1CFE7A0CA1CD46BFAFBE133C30F1AA29D	160000A226527171F754ACC41600000000A226	good	-	-	1521599423.000000	1521945023.000000
1521912968.410514	FL7pRQ3QYiTm79aCHe	sha1	2985FC613DBE2FB0120F5E420E4C9EC3D59EFD7C	08FE259F74EA8704C2BCBB8EA8385F33C6D16C65	2D0001ECAF9E372BB79299004F00000001ECAF	good	-	-	1521724681.000000	1522070281.000000
1521912968.446473	FAeBfb4u49jCnxmrN3	sha1	22AF001C8075620726E0C8931AECA7421C32123A	7A7B8CC1CFE7A0CA1CD46BFAFBE133C30F1AA29D	160000CF976A00565F72CE44D500000000CF97	good	-	-	1521826135.000000	1522171735.000000
1521912968.520212	F32aCd3Q2XteGHgdll	sha1	D1B1648B8C9F0DD16BA38ACD2B5017D5F9CFC064	5F60CF619055DF8443148A602AB2F57AF44318EF	0228A2D966DFA844AD06FDE8B3FD87EC	good	-	-	1521832264.000000	1522437064.000000
1521912971.018226	F37Tes4UYNyGC7bef2	sha1	2985FC613DBE2FB0120F5E420E4C9EC3D59EFD7C	08FE259F74EA8704C2BCBB8EA8385F33C6D16C65	2D0001E8A309C019A913DB800C00000001E8A3	good	-	-	1521881229.000000	1522226829.000000
1521912971.025945	FRbhX63y86arthKwLk	sha1	4F0B5BD9B7DAAF9FB6F363722276D6E195AE2629	58889FD6DC9C4822B7143EFF8488E8E685FFFA7D	7B0000E1966872776ADA4284FB00000000E196	good	-	-	1521837882.000000	1522183482.000000
1521912971.135306	F0nVct13x2qUm8gcaa	sha1	2985FC613DBE2FB0120F5E420E4C9EC3D59EFD7C	08FE259F74EA8704C2BCBB8EA8385F33C6D16C65	2D0001F35422B3307EEC9502B500000001F354	good	-	-	1521707989.000000	1522053589.000000
1521912971.150377	FPN46O2mmuaV044Mkk	sha1	22AF001C8075620726E0C8931AECA7421C32123A	7A7B8CC1CFE7A0CA1CD46BFAFBE133C30F1AA29D	160000CF976A00565F72CE44D500000000CF97	good	-	-	1521868362.000000	1522213962.000000
1521912971.190526	FL5Ikz93v53myc917	sha1	22AF001C8075620726E0C8931AECA7421C32123A	7A7B8CC1CFE7A0CA1CD46BFAFBE133C30F1AA29D	160000CF976A00565F72CE44D500000000CF97	good	-	-	1521736899.000000	1522082499.000000
1521912971.222813	FaWTGv1qN8mDWTFFM8	sha1	22AF001C8075620726E0C8931AECA7421C32123A	7A7B8CC1CFE7A0CA1CD46BFAFBE133C30F1AA29D	160000CF976A00565F72CE44D500000000CF97	good	-	-	1521736899.000000	1522082499.000000
1521912971.228387	FIANR94p2CnVUkINf	sha1	22AF001C8075620726E0C8931AECA7421C32123A	7A7B8CC1CFE7A0CA1CD46BFAFBE133C30F1AA29D	160000CF976A00565F72CE44D500000000CF97	good	-	-	1521736899.000000	1522082499.000000
1521912975.069852	FxAdJx2Xwu3kkOxB0f	sha1	105FA67A80089DB5279F35CE830B43889EA3C70D	0F80611C823161D52F28E78D4638B42CE1C6D9E2	0CA9C64361BFC92A79B1DD9CFB9E48EC	good	-	-	1521891067.000000	1522493167.000000
1521912975.239455	FRZgFglKutitGRCM1	sha1	105FA67A80089DB5279F35CE830B43889EA3C70D	0F80611C823161D52F28E78D4638B42CE1C6D9E2	017E45A31AA50BC35053BC50F9B69BAD	good	-	-	1521891993.000000	1522494093.000000
1521912975.287189	FHJ0LfwbltDB1qUGa	sha1	49F4BD8A18BF760698C5DE402D683B716AE4E686	3DD350A5D6A0ADEEF34A600A65D321D4F8F8D60F	08B4D5B90A94901DB83D5F8295B89CF9	good	-	-	1521602112.000000	1522204212.000000
1521912979.967989	FA7DPz37QZne9u5dI4	sha1	881A4A74FEFF4652F354BB510FD3A4EEEFE0A1C8	919E3B446C3D579C42772A34D74FD1CC4A972CDA	2000020D99F99D6C5481F164BF000000020D99	good	-	-	1521897957.000000	1522243557.000000
1521912979.968248	FDLTZ7Tr3Evbzaxpd	sha1	881A4A74FEFF4652F354BB510FD3A4EEEFE0A1C8	919E3B446C3D579C42772A34D74FD1CC4A972CDA	2000020D99F99D6C5481F164BF000000020D99	good	-	-	1521897957.000000	1522243557.000000
1521912979.969114	FlHlxJ2dEQxpobgUt9	sha1	881A4A74FEFF4652F354BB510FD3A4EEEFE0A1C8	919E3B446C3D579C42772A34D74FD1CC4A972CDA	2000020D99F99D6C5481F164BF000000020D99	good	-	-	1521897957.000000	1522243557.000000
1521912979.970159	F6QThy3ol9r8UylArl	sha1	881A4A74FEFF4652F354BB510FD3A4EEEFE0A1C8	919E3B446C3D579C42772A34D74FD1CC4A972CDA	2000020D99F99D6C5481F164BF000000020D99	good	-	-	1521897957.000000	1522243557.000000
1521912979.971382	FKAFTI185B86v70j57	sha1	881A4A74FEFF4652F354BB510FD3A4EEEFE0A1C8	919E3B446C3D579C42772A34D74FD1CC4A972CDA	2000020D99F99D6C5481F164BF000000020D99	good	-	-	1521897957.000000	1522243557.000000
1521912979.971436	F30VDA1AC0OtW7hsC8	sha1	881A4A74FEFF4652F354BB510FD3A4EEEFE0A1C8	919E3B446C3D579C42772A34D74FD1CC4A972CDA	2000020D99F99D6C5481F164BF000000020D99	good	-	-	1521897957.000000	1522243557.000000
1521912979.980163	FnKre94InTGqSeTuFi	sha1	A87E303106E4E88565CFE952598FA6DA7C00532F	246E2B2DD06A925151256901AA9A47A689E74020	0295297988AA3A16DAF8B00CA8225CE8	good	-	-	1521881460.000000	1522483560.000000
1521912979.980267	FQ3TS2491fZR9Xxkue	sha1	A87E303106E4E88565CFE952598FA6DA7C00532F	246E2B2DD06A925151256901AA9A47A689E74020	0295297988AA3A16DAF8B00CA8225CE8	good	-	-	1521881460.000000	1522483560.000000
1521912979.980777	F7RKQ42GFlge0Ky4I8	sha1	A87E303106E4E88565CFE952598FA6DA7C00532F	246E2B2DD06A925151256901AA9A47A689E74020	0295297988AA3A16DAF8B00CA8225CE8	good	-	-	1521881460.000000	1522483560.000000
1521912979.981365	Fweo7stXYEABVerrf	sha1	A87E303106E4E88565CFE952598FA6DA7C00532F	246E2B2DD06A925151256901AA9A47A689E74020	0295297988AA3A16DAF8B00CA8225CE8	good	-	-	1521881460.000000	1522483560.000000
1521912979.982151	Fd1XvB37boliAEwhM8	sha1	12EADF46CC0880387360B65A691601CC0CB5E9E2	A92B87E1CE24473B1BBFCF853702559D0D9458E6	2915BDE5AB2EA8DDF93EC3F3	good	-	-	1521712033.000000	1522057633.000000
1521912979.982483	F76AV4X7kXB01uKUe	sha1	12EADF46CC0880387360B65A691601CC0CB5E9E2	A92B87E1CE24473B1BBFCF853702559D0D9458E6	2915BDE5AB2EA8DDF93EC3F3	good	-	-	1521712033.000000	1522057633.000000
1521912979.982580	FUwJtt16IsgOCf0Njh	sha1	A87E303106E4E88565CFE952598FA6DA7C00532F	246E2B2DD06A925151256901AA9A47A689E74020	0295297988AA3A16DAF8B00CA8225CE8	good	-	-	1521881460.000000	1522483560.000000
1521912979.982731	FeWBIz1Q8IF0gGd34i	sha1	12EADF46CC0880387360B65A691601CC0CB5E9E2	A92B87E1CE24473B1BBFCF853702559D0D9458E6	2915BDE5AB2EA8DDF93EC3F3	good	-	-	1521712033.000000	1522057633.000000
1521912979.984311	FO29Lu2avuVh6GKsc	sha1	A87E303106E4E88565CFE952598FA6DA7C00532F	246E2B2DD06A925151256901AA9A47A689E74020	0295297988AA3A16DAF8B00CA8225CE8	good	-	-	1521881460.000000	1522483560.000000
1521912979.984858	FgU2U3jxbkXv2Tvci	sha1	A87E303106E4E88565CFE952598FA6DA7C00532F	246E2B2DD06A925151256901AA9A47A689E74020	0295297988AA3A16DAF8B00CA8225CE8	good	-	-	1521881460.000000	1522483560.000000
1521912979.985858	Fmb8eC3PqXENaz9cW2	sha1	A87E303106E4E88565CFE952598FA6DA7C00532F	246E2B2DD06A925151256901AA9A47A689E74020	0295297988AA3A16DAF8B00CA8225CE8	good	-	-	1521881460.000000	1522483560.000000
1521912980.013622	FfiTy63P3OtdzBCIJ2	sha1	22AF001C8075620726E0C8931AECA7421C32123A	7A7B8CC1CFE7A0CA1CD46BFAFBE133C30F1AA29D	160000708D70A2A4CB63ABA1C700000000708D	good	-	-	1521600588.000000	1521946188.000000
1521912980.013997	FNQdWD4AlrNwW8U4dd	sha1	22AF001C8075620726E0C8931AECA7421C32123A	7A7B8CC1CFE7A0CA1CD46BFAFBE133C30F1AA29D	160000708D70A2A4CB63ABA1C700000000708D	good	-	-	1521600588.000000	1521946188.000000
1521912980.014147	F9fv1M3pc5uTVjDrb6	sha1	22AF001C8075620726E0C8931AECA7421C32123A	7A7B8CC1CFE7A0CA1CD46BFAFBE133C30F1AA29D	160000708D70A2A4CB63ABA1C700000000708D	good	-	-	1521667345.000000	1522012945.000000
1521912980.103494	FMdrjG1QuUflslo13	sha1	881A4A74FEFF4652F354BB510FD3A4EEEFE0A1C8	919E3B446C3D579C42772A34D74FD1CC4A972CDA	2000020D99F99D6C5481F164BF000000020D99	good	-	-	1521897957.000000	1522243557.000000
1521912980.723721	FjBYWy3WBsdaG0dKX8	sha1	CF26F518FAC97E8F8CB342E01C2F6A109E8E5F0A	5168FF90AF0207753CCCD9656462A212B859723B	083A84592F77F2E7951BF887CEDEC966	good	-	-	1521450818.000000	1522052918.000000
1521912980.723734	Fd9TP34s66B24hKS5	sha1	CF26F518FAC97E8F8CB342E01C2F6A109E8E5F0A	5168FF90AF0207753CCCD9656462A212B859723B	083A84592F77F2E7951BF887CEDEC966	good	-	-	1521450818.000000	1522052918.000000
1521912981.246776	FGocRg1XEbPZx8b2M4	sha1	22AF001C8075620726E0C8931AECA7421C32123A	7A7B8CC1CFE7A0CA1CD46BFAFBE133C30F1AA29D	160000708D70A2A4CB63ABA1C700000000708D	good	-	-	1521600588.000000	1521946188.000000
1521912989.566059	FGFDQZ3cAF46wWx4ig	sha1	2985FC613DBE2FB0120F5E420E4C9EC3D59EFD7C	08FE259F74EA8704C2BCBB8EA8385F33C6D16C65	2D0001F35422B3307EEC9502B500000001F354	good	-	-	1521784816.000000	1522130416.000000
#close	2024-04-12-19-34-07
